:020000040800F2
:1000000000000220BD2D00080D2B0008152B000854
:100010001D2B0008252B00082D2B000800000000D8
:10002000000000000000000000000000352B000868
:10003000432B000800000000512B00085F2B000834
:100040000D2E00080D2E00080D2E00080D2E0008A4
:100050000D2E00080D2E00080D2E00080D2E000894
:100060000D2E00080D2E00080D2E00080D2E000884
:100070000D2E00080D2E00080D2E00080D2E000874
:100080000D2E00080D2E00080D2E000800000000A7
:100090000000000000000000000000000D2E00081D
:1000A0006D2B0008812B0008952B0008A92B000858
:1000B000BD2B00080D2E0008D12B00080D2E0008C6
:1000C0000D2E00080D2E00080D2E00080D2E000824
:1000D0000D2E0008E52B00080D2E00080000000082
:1000E0000D2E00080D2E00080D2E00080000000047
:1000F0000000000000000000000000000D2E0008BD
:10010000000000000D2E0008F92B00080D2E00083D
:1001100000000000000000000000000000000000DF
:100120000D2E00080D2E00080D2E00080D2E0008C3
:100130000D2E00080000000000000000000000007C
:100140000000000000000000000000000D2E00086C
:100150000D2E00080D2E00080D2E00080D2E000893
:100160000D2E00080D2E0008000000000000000009
:10017000000000000000000000000000000000007F
:10018000000000000D2E000800000000000000002C
:080190000D2E00080D2E0008E1
:1001A00010B5054C237833B9044B13B10448AFF3B1
:1001B00000800123237010BDD40100200000000046
:1001C000E0AC000808B5034B1BB103490348AFF38B
:1001D000008008BD00000000D8010020E0AC00084D
:1001E00001F0FF01102A2BDB10F0070F08D010F8E8
:1001F000013B013A8B422DD010F0070F42B3F6D1EC
:10020000F0B441EA012141EA014122F007047FF004
:1002100000070023F0E80256083C85EA010586EA5B
:10022000010685FA47F5A3FA87F586FA47F6A5FA97
:1002300087F68EB9EED1F0BC01F0FF0102F00702A3
:1002400032B110F8013B013A83EA010313B1F8D14E
:100250000020704701387047002D06BF354603382F
:10026000073815F0010F07D1013015F4807F02BF68
:10027000013015F4C03F0130F0BC0138704700BFB9
:10028000034613F8012B002AFBD1181A01387047D6
:1002900081F0004102E000BF83F0004330B54FEA37
:1002A00041044FEA430594EA050F08BF90EA020FA4
:1002B0001FBF54EA000C55EA020C7FEA645C7FEA37
:1002C000655C00F0E2804FEA5454D4EB5555B8BF5A
:1002D0006D420CDD2C4480EA020281EA030382EACB
:1002E000000083EA010180EA020281EA0303362D5D
:1002F00088BF30BD11F0004F4FEA01314FF4801C30
:100300004CEA113102D0404261EB410113F0004F41
:100310004FEA03334CEA133302D0524263EB4303F8
:1003200094EA050F00F0A780A4F10104D5F1200E96
:100330000DDB02FA0EFC22FA05F2801841F10001F1
:1003400003FA0EF2801843FA05F359410EE0A5F1C5
:1003500020050EF1200E012A03FA0EFC28BF4CF0F6
:10036000020C43FA05F3C01851EBE37101F00045AC
:1003700007D54FF0000EDCF1000C7EEB00006EEBB9
:100380000101B1F5801F1BD3B1F5001F0CD3490843
:100390005FEA30004FEA3C0C04F101044FEA44529A
:1003A00012F5800F80F09A80BCF1004F08BF5FEA21
:1003B000500C50F1000041EB045141EA050130BD01
:1003C0005FEA4C0C404141EB0101013C28BFB1F513
:1003D000801FE9D291F0000F04BF01460020B1FA5E
:1003E00081F308BF2033A3F10B03B3F120020CDA31
:1003F0000C3208DD02F1140CC2F10C0201FA0CF00F
:1004000021FA02F10CE002F11402D8BFC2F1200C73
:1004100001FA02F120FA0CFCDCBF41EA0C01904029
:10042000E41AA2BF01EB0451294330BD6FEA040472
:100430001F3C1CDA0C340EDC04F11404C4F120025D
:1004400020FA04F001FA02F340EA030021FA04F36F
:1004500045EA030130BDC4F10C04C4F1200220FAC6
:1004600002F001FA04F340EA0300294630BD21FA04
:1004700004F0294630BD94F0000F83F4801306BFCA
:1004800081F480110134013D4EE77FEA645C18BFBE
:100490007FEA655C29D094EA050F08BF90EA020F55
:1004A00005D054EA000C04BF1946104630BD91EA4D
:1004B000030F1EBF0021002030BD5FEA545C05D150
:1004C0004000494128BF41F0004130BD14F580048F
:1004D0003CBF01F5801130BD01F0004545F0FE4103
:1004E00041F470014FF0000030BD7FEA645C1ABF38
:1004F000194610467FEA655C1CBF0B46024650EA6F
:10050000013406BF52EA033591EA030F41F400219A
:1005100030BD00BF90F0000F04BF0021704730B520
:100520004FF4806404F132044FF000054FF00001F5
:1005300050E700BF90F0000F04BF0021704730B5B6
:100540004FF4806404F1320410F0004548BF40428B
:100550004FF000013EE700BF42004FEAE2014FEAE0
:1005600031014FEA02701FBF12F07F4393F07F4FBB
:1005700081F06051704732F07F4208BF704793F0BE
:100580007F4F04BF41F40021704730B54FF46074D1
:1005900001F0004521F000411CE700BF50EA0102D4
:1005A00008BF704730B54FF000050AE050EA01027D
:1005B00008BF704730B511F0004502D5404261EBED
:1005C00041014FF4806404F132045FEA915C3FF42E
:1005D000D8AE4FF003025FEADC0C18BF03325FEACB
:1005E000DC0C18BF033202EBDC02C2F1200300FA7C
:1005F00003FC20FA02F001FA03FE40EA0E0021FAA1
:1006000002F11444BDE600BF70B54FF0FF0C4CF48E
:10061000E06C1CEA11541DBF1CEA135594EA0C0F40
:1006200095EA0C0F00F0DEF82C4481EA030621EA7B
:100630004C5123EA4C5350EA013518BF52EA0335B6
:1006400041F4801143F4801338D0A0FB02CE4FF068
:100650000005E1FB02E506F00042E0FB03E54FF098
:100660000006E1FB03569CF0000F18BF4EF0010E90
:10067000A4F1FF04B6F5007F64F5407404D25FEA8C
:100680004E0E6D4146EB060642EAC62141EA55513F
:100690004FEAC52040EA5E504FEACE2EB4F1FD0C81
:1006A00088BFBCF5E06F1ED8BEF1004F08BF5FEAFF
:1006B000500E50F1000041EB045170BD06F00046B1
:1006C00046EA010140EA020081EA0301B4EB5C045E
:1006D000C2BFD4EB0C0541EA045170BD41F4801156
:1006E0004FF0000E013C00F3AB8014F1360FDEBF7B
:1006F000002001F0004170BDC4F10004203C35DA57
:100700000C341BDC04F11404C4F1200500FA05F3D9
:1007100020FA04F001FA05F240EA020001F000427A
:1007200021F0004110EBD37021FA04F642EB0601F0
:100730005EEA430E08BF20EAD37070BDC4F10C041A
:10074000C4F1200500FA04F320FA05F001FA04F2DE
:1007500040EA020001F0004110EBD37041F10001CA
:100760005EEA430E08BF20EAD37070BDC4F12005D5
:1007700000FA05F24EEA020E20FA04F301FA05F23D
:1007800043EA020321FA04F001F0004121FA04F2E5
:1007900020EA020000EBD3705EEA430E08BF20EAB5
:1007A000D37070BD94F0000F0FD101F000464000EF
:1007B00041EB010111F4801F08BF013CF7D041EA71
:1007C000060195F0000F18BF704703F00046520075
:1007D00043EB030313F4801F08BF013DF7D043EA46
:1007E0000603704794EA0C0F0CEA135518BF95EAFC
:1007F0000C0F0CD050EA410618BF52EA4306D1D183
:1008000081EA030101F000414FF0000070BD50EAA1
:10081000410606BF1046194652EA430619D094EA2B
:100820000C0F02D150EA013613D195EA0C0F05D115
:1008300052EA03361CBF104619460AD181EA030169
:1008400001F0004141F0FE4141F470014FF0000021
:1008500070BD41F0FE4141F4780170BD70B54FF0BC
:10086000FF0C4CF4E06C1CEA11541DBF1CEA13553C
:1008700094EA0C0F95EA0C0F00F0A7F8A4EB05041E
:1008800081EA030E52EA03354FEA013100F0888015
:100890004FEA03334FF0805545EA131343EA1263DE
:1008A0004FEA022245EA111545EA10654FEA002693
:1008B0000EF000419D4208BF964244F1FD0404F54C
:1008C000407402D25B084FEA3202B61A65EB0305A8
:1008D0005B084FEA32024FF480104FF4002CB6EB65
:1008E000020E75EB030E22BFB61A754640EA0C00E5
:1008F0005B084FEA3202B6EB020E75EB030E22BF25
:10090000B61A754640EA5C005B084FEA3202B6EB65
:10091000020E75EB030E22BFB61A754640EA9C0024
:100920005B084FEA3202B6EB020E75EB030E22BFF4
:10093000B61A754640EADC0055EA060E18D04FEAB2
:10094000051545EA16754FEA06164FEAC30343EA52
:1009500052734FEAC2025FEA1C1CC0D111F4801F1F
:100960000BD141EA00014FF000004FF0004CB6E718
:1009700011F4801F04BF01430020B4F1FD0C88BFB7
:10098000BCF5E06F3FF6AFAEB5EB030C04BFB6EBC2
:10099000020C5FEA500C50F1000041EB045170BDB5
:1009A0000EF0004E4EEA113114EB5C04C2BFD4EBE2
:1009B0000C0541EA045170BD41F480114FF0000E66
:1009C000013C90E645EA060E8DE60CEA135594EAE2
:1009D0000C0F08BF95EA0C0F3FF43BAF94EA0C0FE5
:1009E0000AD150EA01347FF434AF95EA0C0F7FF45A
:1009F00025AF104619462CE795EA0C0F06D152EAAE
:100A000003353FF4FDAE1046194622E750EA410691
:100A100018BF52EA43067FF4C5AE50EA41047FF4A2
:100A20000DAF52EA43057FF4EBAE12E74FF0FF3C07
:100A300006E000BF4FF0010C02E000BF4FF0010CD8
:100A40004DF804CD4FEA410C7FEA6C5C4FEA430C51
:100A500018BF7FEA6C5C1BD001B050EA410C0CBFA0
:100A600052EA430C91EA030F02BF90EA020F002002
:100A7000704710F1000F91EA030F58BF994208BF69
:100A800090422CBFD8176FEAE37040F00100704726
:100A90004FEA410C7FEA6C5C02D150EA013C07D17D
:100AA0004FEA430C7FEA6C5CD6D152EA033CD3D0C8
:100AB0005DF8040B704700BF8446104662468C46C2
:100AC0001946634600E000BF01B5FFF7B7FF0028F5
:100AD00048BF10F1000F01BD4DF808EDFFF7F4FF1E
:100AE0000CBF012000205DF808FB00BF4DF808EDA9
:100AF000FFF7EAFF34BF012000205DF808FB00BFCC
:100B00004DF808EDFFF7E0FF94BF012000205DF8ED
:100B100008FB00BF4DF808EDFFF7CEFF94BF0120A2
:100B200000205DF808FB00BF4DF808EDFFF7C4FF9B
:100B300034BF012000205DF808FB00BF4FEA410CE4
:100B40007FEA6C5C02D150EA013C0AD14FEA430CC7
:100B50007FEA6C5C02D152EA033C02D14FF0000004
:100B600070474FF0010070474FEA410212F5001242
:100B700015D211D56FF47873B3EB625212D94FEAE4
:100B8000C12343F0004343EA505311F0004F23FACE
:100B900002F018BF404270474FF00000704750EA23
:100BA000013005D111F0004008BF6FF000407047E0
:100BB0004FF00000704700BF4A0011D212F500123A
:100BC00011D20DD56FF47873B3EB62520ED44FEAA5
:100BD000C12343F0004343EA505323FA02F0704725
:100BE0004FF00000704750EA013002D14FF0FF3063
:100BF00070474FF0000070474FEA4102B2F1E04306
:100C000024BFB3F5001CDCF1FE5C0DD901F0004CF3
:100C10004FEAC0024CEA5070B2F1004F40EB830043
:100C200008BF20F00100704711F0804F21D113F16F
:100C30003872BCBF01F00040704741F480114FEAA8
:100C40005252C2F11802C2F1200C10FA0CF320FA31
:100C500002F018BF40F001004FEAC1234FEAD3234E
:100C600003FA0CFC40EA0C0023FA02F34FEA4303B8
:100C7000CCE77FEA625307D150EA01331EBF4FF041
:100C8000FE4040F44000704701F0004040F0FE405C
:100C900040F40000704700BF53B94AB9002908BFAB
:100CA00000281CBF4FF0FF314FF0FF3000F0A0B91B
:100CB000ADF1080C6DE904CE00F03CF8DDF804E07D
:100CC000DDE9022304B0704738B500220023044652
:100CD0000D46FFF70BFF28B920462946BDE83840EE
:100CE00000F00AB8204605F1004100F005F8404246
:100CF00061EB410138BD00BFD0B50C4B0022064668
:100D00000F46FFF781FCFFF757FF0446FFF702FC91
:100D1000074B0022FFF778FC02460B463046394667
:100D2000FFF7BAFAFFF748FF2146D0BD0000F03DBB
:100D30000000F0412DE9F047089D0C46002B4ED1F4
:100D400094468C458646B2FA82F262D94AB1C2F123
:100D50002003914020FA03F30CFA02FC194300FA35
:100D600002FE4FEA1C471FFA8CF6B1FBF7F44FEA7C
:100D70001E4307FB141143EA014304FB06F19942A9
:100D80000AD91CEB030304F1FF3080F01281994271
:100D900040F20F81023C6344591A1FFA8EF3B1FBF3
:100DA000F7F007FB101143EA014300FB06F69E42F1
:100DB0000AD91CEB030300F1FF3180F0FC809E4256
:100DC00040F2F980634402389B1B40EA0440002152
:100DD0001DB1D3400022C5E90032BDE8F0878B4247
:100DE00005D90DB1C5E9000100210846F5E7B3FAC0
:100DF00083F1002946D1A34202D39042C0F0F08093
:100E0000861A64EB03030120002DE6D0C5E90063D8
:100E1000E3E7002A40F09080A1EB0C044FEA1C4865
:100E20001FFA8CF70121B4FBF8F64FEA1E4308FBCA
:100E3000164443EA044307FB06F0984208D91CEB2A
:100E4000030306F1FF3402D2984200F2CD80264619
:100E50001C1A1FFA8EF3B4FBF8F008FB104443EAA7
:100E6000044300FB07F79F4208D91CEB030300F182
:100E7000FF3402D29F4200F2B0802046DB1B40EAE2
:100E80000640A5E7C1F120068B4022FA06F71F4372
:100E900020FA06FC04FA01F343EA0C03F44000FADA
:100EA00001F8380C4FEA1349B4FBF0FE1FFA87FC37
:100EB00000FB1E4449EA04440EFB0CF9A14502FA6A
:100EC00001F20AD93C190EF1FF3A80F08480A14565
:100ED00040F28180AEF1020E3C44A4EB09041FFAFB
:100EE00083F9B4FBF0F300FB134449EA044403FB29
:100EF0000CFCA44507D93C1903F1FF3067D2A44587
:100F000065D9023B3C4443EA0E40A0FB0293A4EBAC
:100F10000C049C42CE469C4651D34ED055B1B8EB02
:100F20000E0364EB0C0404FA06F6CB401E43CC40DF
:100F3000C5E90064002150E7C2F1200320FA03F163
:100F40000CFA02FC24FA03F394400C434FEA1C48C9
:100F500000FA02FE1FFA8CF7B3FBF8F008FB103121
:100F6000230C43EA014300FB07F1994208D91CEB2B
:100F7000030300F1FF362CD299422AD90238634488
:100F80005B1AA4B2B3FBF8F108FB113344EA034443
:100F900001FB07F3A34208D91CEB040401F1FF365F
:100FA00013D2A34211D902396444E41A41EA004140
:100FB00039E70446F0E6084606E7C845AED2B9EB85
:100FC000020E63EB070C0138A8E73146EDE7034654
:100FD00099E73046D4E7D6467FE7634402384DE7C9
:100FE0000646234608460FE7023E634430E700BF4B
:100FF000704700BF80B483B000AF78607B68002B7F
:10100000B8BF5B4218460C37BD465DF8047B70479D
:1010100080B485B000AFF860B9607A60FB68BA68E8
:101020001A60FB687A685A60FB6800229A60FB6865
:101030000022DA60FB6800221A61FB6801221A753F
:10104000FB684FF07E529A61FB684FF00002DA6154
:10105000FB684FF000021A62FB6800225A62FB68CC
:101060004FF000029A62FB68044ADA62FB68184695
:101070001437BD465DF8047B704700BF000087430E
:1010800080B584B000AFF860B9607A60FB68BA6878
:101090001A60FB687A685A60FB6800221A61FB6874
:1010A0000022DA60FB684FF000029A62FB68104A87
:1010B000DA6201F013FF0246FB685A62FB681B68A4
:1010C000002B11D0FB681B681B68002B0CD0FB6841
:1010D0001B681B683C21184603F0BEF9FB681B68BF
:1010E0001B681B6800225A6200BF1037BD4680BDD6
:1010F0000000874380B485B000AFF86087ED020A36
:10110000C7ED010A87ED001AFB68BA689A61FB68AF
:101110007A68DA61FB683A681A6200BF1437BD4624
:101120005DF8047B704780B485B000AF78607B6861
:101130001B68002B37D07B681B681B68002B32D0E4
:101140007B681B681B681B681B6803F01003002B7F
:101150000CBF01230023FB737B68FA7B1A757B6845
:101160001B681B681B685B6ABB817B681B681B680C
:101170001B6800225A627B681B7D002B06D07B68AF
:101180001A69BB891A447B681A610DE0BB89002B80
:101190000AD0BB895B427B817B681A697B89D21A42
:1011A0007B681A6100E000BF1437BD465DF8047B20
:1011B0007047000080B483B000AF786039607B680E
:1011C0005B68002B00F019813B6841F28732934243
:1011D00002DD41F287333B603B68834A934201DA88
:1011E000814B3B603B68002B54DD7B685B685B6830
:1011F000002B06D17B685B681B681B683A685A63E2
:101200001DE07B685B685B68042B06D17B685B68CC
:101210001B681B683A689A6311E07B685B685B68CF
:10122000082B06D17B685B681B681B683A68DA6329
:1012300005E07B685B681B681B683A681A647B681A
:101240005B68DB68002B06D17B685B689B681B686A
:1012500000225A63D2E07B685B68DB68042B06D10E
:101260007B685B689B681B6800229A63C6E07B68AA
:101270005B68DB68082B06D17B685B689B681B6832
:101280000022DA63BAE07B685B689B681B68002217
:101290001A64B3E03B68002B58DA7B685B685B68D4
:1012A000002B06D17B685B681B681B6800225A63B1
:1012B0001DE07B685B685B68042B06D17B685B681C
:1012C0001B681B6800229A6311E07B685B685B689F
:1012D000082B06D17B685B681B681B680022DA63F9
:1012E00005E07B685B681B681B6800221A647B68EA
:1012F0005B68DB68002B07D13B685A427B685B6800
:101300009B681B685A6379E07B685B68DB68042B29
:1013100007D13B685A427B685B689B681B689A638D
:101320006CE07B685B68DB68082B07D13B685A423E
:101330007B685B689B681B68DA635FE03B685A42C6
:101340007B685B689B681B681A6457E07B685B6816
:101350005B68002B06D17B685B681B681B680022FA
:101360005A631DE07B685B685B68042B06D17B6871
:101370005B681B681B6800229A6311E07B685B68EE
:101380005B68082B06D17B685B681B681B680022C2
:10139000DA6305E07B685B681B681B6800221A64DF
:1013A0007B685B68DB68002B06D17B685B689B68A9
:1013B0001B6800225A6321E07B685B68DB68042BB2
:1013C00006D17B685B689B681B6800229A6315E006
:1013D0007B685B68DB68082B08D17B685B689B686F
:1013E0001B680022DA6309E079ECFFFF7B685B6829
:1013F0009B681B6800221A6400E000BF0C37BD46E2
:101400005DF8047B704700BF80B487B000AF7860A0
:1014100087ED000A7B68DA687B681B69D31A07EEE0
:10142000903AF8EEE77AC7ED047A97ED047AD7EDB3
:10143000007A27EE277A314BD3ED007A77EE277AC0
:101440002E4BC3ED007A2D4BD3ED007A9FED2C7A15
:10145000F4EEC77AF1EE10FA02DD284B294A1A6041
:10146000264BD3ED007A9FED287AF4EEC77AF1EEA1
:1014700010FA02D5214B254A1A604FF000037B6118
:10148000D7ED007AF5EEC07AF1EE10FA0CDD204BC4
:10149000D3ED007A97ED047A77EE676A97ED007ADC
:1014A000C6EE877AC7ED057A7B6893ED067AD7EDAD
:1014B000047A27EE277A7B68D3ED076A0F4BD3EDCA
:1014C000007A66EEA77A37EE277A7B68D3ED086A52
:1014D000D7ED057A66EEA77A77EE277AC7ED037A1D
:1014E0000B4A3B691360FB6807EE903AB0EE670A5F
:1014F0001C37BD465DF8047B704700BFF00100203B
:1015000000389C4500389C4500389CC500389CC577
:10151000F401002080B586B000AF786001F0DEFCF9
:1015200078617B685B6A7A69D31A07EE903AB8EE05
:10153000677ADFED146AC7EE267AC7ED047AD7ED35
:10154000047AF5EEC07AF1EE10FA00DC15E0786866
:10155000FFF7E9FD97ED040A7868FFF755FF87ED7F
:10156000030AD7ED037AFDEEE77A17EE901A786852
:10157000FFF720FE7B687A695A6200BF1837BD46C4
:1015800080BD00BF00007A4480B586B000AF7860AF
:1015900087ED000A7B68D3ED0A7A97ED007AB4EE06
:1015A000E77AF1EE10FA02D57B689B6A3B607B68B4
:1015B000D3ED0B7A97ED007AB4EEE77AF1EE10FAFC
:1015C00002DD7B68DB6A3B607B681B6907EE903A53
:1015D000B8EEE77ADFED2A6AC7EE267A9FED297A20
:1015E00067EE877AC7ED047A3869FEF7B5FF0246E1
:1015F0000B469FED211B43EC102B04F065FE53ECD2
:10160000102B10461946FFF7F7FA03467B61D7ED1A
:10161000057AF5EEC07AF1EE10FA07D5D7ED057A26
:101620009FED187A77EE877AC7ED057A97ED007A05
:10163000D7ED057A77EE677AC7ED037A97ED047AEE
:10164000D7ED037A77EE277AC7ED027A97ED027A23
:10165000DFED0C6AC7EE267A9FED097A67EE877A8E
:10166000FDEEE77A17EE902A7B68DA6000BF183744
:10167000BD4680BDAFF300800000000000807640D2
:10168000008089450000B44380B582B000AF786027
:1016900039607B68DA687B681B69D31A1846FFF7E4
:1016A000A9FC02463B689342ACBF01230023DBB296
:1016B00018460837BD4680BD82B090B484B000AFF4
:1016C000F860B9607A60FB61FB68BA681A60FB6811
:1016D0007A685A60FB684FF07E529A60FB6800227D
:1016E000DA60FB6803F1100407F11C030FCB84E8F8
:1016F0000F00FB6800221A62FB6800225A62FB6836
:101700004FF000029A62FB68074ADA62FB68074AF8
:101710001A63FB684FF07E525A63FB681846103715
:10172000BD4690BC02B07047000087430000C8432C
:1017300082B090B585B000AFF860B9607A607B6226
:10174000FB68BA681A60FB687A685A60FB6803F144
:10175000100407F124030FCB84E80F00FB6800227C
:101760005A62FB6800221A62FB684FF000029A621C
:10177000FB680C4ADA62FB680B4A1A63FB684FF09D
:101780007E525A639FED090AF86800F089F800213B
:10179000F86800F06CF800BF1437BD46BDE8904013
:1017A00002B07047000087430000C84300007A443D
:1017B00080B582B000AF78607B685A6A7B681B6A2C
:1017C0009A42B4BF01230023DBB2002B17D00121C2
:1017D000786800F0BEF97B681B681B686FF0010237
:1017E0001A617B681A687B685B681946104602F0CC
:1017F00079FC7B681B68184602F08AFB33E07B6843
:101800005A6A7B681B6A9A42CCBF01230023DBB271
:10181000002B17D00021786800F09BF97B681B68CB
:101820001B686FF001021A617B681A687B685B684D
:101830001946104602F056FC7B681B68184602F0F9
:1018400067FB10E07B681A687B685B681946104686
:1018500002F0F8FC7B681B68184602F0BBFB002115
:10186000786800F004F800BF0837BD4680BD80B539
:1018700084B000AF78600B46FB70FB78002B01D082
:10188000002300E00123FB737B6898697B689B8BD6
:10189000FA7B194601F07AFE00BF1037BD4680BDC5
:1018A00080B485B000AF786087ED000AD7ED007A8C
:1018B000F5EEC07AF1EE10FA51D97B681B68002B67
:1018C0004DD0DFED2A6A97ED007AC6EE877AFCEEFE
:1018D000E77A17EE903A013BFB60FB68B3F5803F77
:1018E00003D34FF6FF73FB6004E0FB689E2B01D827
:1018F0009F23FB607B681B681B68FA68DA627B6861
:101900001B68FA68DA607B685B68002B07D1FB68AC
:101910005A1C7B681B681B6852085A6320E07B686E
:101920005B68042B07D1FB685A1C7B681B681B682B
:1019300052089A6314E07B685B68082B07D1FB6848
:101940005A1C7B681B681B685208DA6308E0FB6856
:101950005A1C7B681B681B6852081A6400E000BFB1
:101960001437BD465DF8047B704700BF0024744BFC
:1019700080B582B000AF78607B685A6A7B681B6A6A
:101980009A42B4BF01230023DBB2002B05D07B6851
:101990005B6A5A1C7B685A620FE07B685A6A7B68F4
:1019A0001B6A9A42CCBF01230023DBB2002B04D078
:1019B0007B685B6A5A1E7B685A627B685A6A7B68DE
:1019C0001B6A9A420CBF01230023DBB2002B10D00C
:1019D0007B681A687B685B681946104602F032FC27
:1019E0007B681B68184602F0F5FA00217868FFF75B
:1019F0003EFF00BF0837BD4680BD80B582B000AF56
:101A0000786039607B683A681A6201217868FFF76C
:101A10002EFF7868FFF7CCFE00BF0837BD4680BDBB
:101A200080B588B000AF786087ED000A7B68D3EDA1
:101A30000A7A97ED007AB4EEE77AF1EE10FA02D561
:101A40007B689B6A3B607B68D3ED0B7A97ED007AED
:101A5000B4EEE77AF1EE10FA02DD7B68DB6A3B60F8
:101A60007B685B6A07EE903AF8EEE76A7B6893ED75
:101A70000C7A7B68D3ED0D7A27EE277AC6EE877A4B
:101A80009FED2D7A67EE877AC7ED067AB869FEF783
:101A900063FD02460B469FED261B43EC102B04F022
:101AA00013FC53EC102B10461946FFF7A5F803461C
:101AB000FB61D7ED077AF5EEC07AF1EE10FA07D5A3
:101AC000D7ED077A9FED1C7A77EE877AC7ED077A14
:101AD00097ED007AD7ED077A77EE677AC7ED057A4A
:101AE00097ED067AD7ED057A77EE277AC7ED047A77
:101AF000D7ED047ADFED106A87EEA67A7B68D3ED26
:101B00000C7A27EE277A7B68D3ED0D7A67EE277A79
:101B1000FDEEE77A17EE903AFB60F9687868FFF718
:101B20006CFF00BF2037BD4680BD00BFAFF3008013
:101B300000000000008076400000B44380B582B011
:101B400000AF78607868FFF713FF00BF0837BD4625
:101B500080BD80B584B000AF78600B46FB70FB7829
:101B6000002B01D0012300E00023FB737B68186980
:101B70007B689B8AFA7B194601F008FD00BF10378D
:101B8000BD4680BD80B483B000AF78607B681A6AC0
:101B90007B685B6AD31A18460C37BD465DF8047B38
:101BA00070470000B0B5AEB004AF01F031F900F0FD
:101BB00071FA00F053FD00F0D5FA00F093FB00F04D
:101BC00021FC00F07DFC00F01BFD01227F498048D4
:101BD00003F0E9FB7F4B07F17C040FCB84E80F0097
:101BE0006C4607F1800393E8070084E80700FB6F69
:101BF000002279497948FFF79BFD9FED790A7748E4
:101C0000FFF74EFE774B07F16C040FCB84E80F0013
:101C10006C4607F1700393E8070084E80700FB6E49
:101C2000002271497148FFF783FD9FED6D0A6F48EF
:101C3000FFF736FE6E4B6F4A1A606F4B6F4A1A60A1
:101C40006D4B04225A606C4B6C4A9A606A4B0022BE
:101C5000DA60694A66496A48FFF712FA0021674864
:101C600002F040FA0421654802F03CFA9FED651A43
:101C7000DFED650AB0EE000A6148FFF73BFA4FF46A
:101C8000FA7001F037F901F029F903465F4A136051
:101C900001F024F903465E4A13605948FFF73AFC05
:101CA0005C4B1B78002B09D001F018F90246584B09
:101CB0001B68D31A322B01D9012300E00023002B2B
:101CC00000F0CC80534B1B781A46534B002199549B
:101CD0005249514806F0F6F9C7F8A4004F490020D0
:101CE00006F0F0F9C7F8A0004C49002006F0EAF928
:101CF000C7F89C00D7F8A430002B00F09580D7F8E7
:101D0000A030002B00F09080D7F89C30002B00F022
:101D10008B80D7F8A40004F00FFC53EC102B104676
:101D20001946FEF769FF0346C7F89830D7F8A000B8
:101D300004F002FC53EC102B10461946FEF75CFF32
:101D40000346C7F89430D7F89C0004F0F5FB53EC39
:101D5000102B10461946FEF74FFF0346C7F8903088
:101D6000D7ED267ABDEEE77AD7ED257AFDEEE76A64
:101D7000D7ED247AFDEEE77A17EE903A38460093D5
:101D800016EE903A17EE102A254906F01DF93B464B
:101D90001846FEF775FA03469AB2394664230C4892
:101DA00003F076FA97ED260A0C48FFF739FE97ED17
:101DB000250A0E48FFF734FE97ED240A1048FFF776
:101DC000E3FB184B01221A7045E000BF60030020BE
:101DD000180300205CAD0008F8010020B0030020CB
:101DE00000007A446CAD000840020020E8030020A7
:101DF00020040020880200202C040020D0020020B3
:101E00003C040020CDCCCC3D00000000AC03002001
:101E1000A8030020A403002064030020F8AC0008FD
:101E2000FCAC0008A50300204E4B3C461D460FCDE0
:101E30000FC40FCD0FC495E8030020600434217057
:101E40003B461846FEF71CFA03469AB2394664230D
:101E5000454803F01DFA454B00221A70444B1B788D
:101E6000DBB2012B0CBF01230023DBB2002B41D0DE
:101E70004048FFF787FE0346002B0CBF01230023D9
:101E800087F88F303C48FFF77DFE0346002B0CBFE0
:101E90000123002387F88E300F213848FFF7F4FB29
:101EA000034687F88D3097F88F30002B22D097F8B3
:101EB0008E30002B1ED097F88D30002B1AD0304A70
:101EC00007F1640392E803001860043319800233B9
:101ED0000A0C1A7007F164031846FEF7D1F903469D
:101EE0009AB207F1640164231F4803F0D1F9204B33
:101EF00000221A7000F0F2FF0246224B1B68D31A30
:101F000040F2CF7293428CBF01230023DBB2002B3F
:101F100024D0174B1B78DBB2002B14BF0123002306
:101F2000DBB2002B05D03B461749184606F04CF8AB
:101F300004E03B461549184606F046F83B4618466D
:101F4000FEF79EF903469AB239466423064803F029
:101F50009FF900F0C3FF03460A4A1360052000F012
:101F6000C9FF9AE67CAD000818030020A4030020F6
:101F7000A5030020B0030020E80300203C0400205B
:101F8000A4AD0008AC03002020AD000840AD00085F
:101F900080B582B000AF78607B681B68174A9342B7
:101FA00028D100F09BFF0346154A1360154B1B78A0
:101FB000002B03D1144B1B78202B16D0114B1B7810
:101FC0003E2B12D8104B1B780A2B0ED00E4B1B78D1
:101FD0000D2B0AD00B4B1B785A1CD1B2094A117039
:101FE0001A46094B1978094B9954012206490848A9
:101FF00003F0D9F900BF0837BD4680BD001001408D
:10200000A8030020A4030020600300206403002034
:102010001803002080B582B000AF78607B681B6831
:10202000094A934203D10948FFF788FD07E07B681E
:102030001B68B3F1804F02D10548FFF77FFD00BF59
:102040000837BD4680BD00BF00000140B00300203E
:10205000E803002080B582B000AF78607B681B6821
:10206000094A934203D10948FFF768FD07E07B68FE
:102070001B68B3F1804F02D10548FFF75FFD00BF39
:102080000837BD4680BD00BF00000140B0030020FE
:10209000E803002080B594B000AF07F120033022A0
:1020A0000021184605F0F3FF07F10C0300221A6027
:1020B0005A609A60DA601A610023BB60274B1B6C80
:1020C000264A43F080531364244B1B6C03F0805367
:1020D000BB60BB6800237B60214B1B68204A43F434
:1020E000404313601E4B1B6803F440437B607B68D6
:1020F00002233B620123FB6210233B630023BB638B
:1021000007F12003184601F05BFA0346002B14BFC9
:1021100001230023DBB2002B01D000F0D5FA0F23FE
:10212000FB6000233B6100237B610023BB61002334
:10213000FB6107F10C030021184601F0B9FC0346CE
:10214000002B14BF01230023DBB2002B01D000F0D1
:10215000BBFA00BF5037BD4680BD00BF003802400B
:102160000070004080B596B000AF07F14803002230
:102170001A605A609A60DA6007F1400300221A6020
:102180005A6007F1240300221A605A609A60DA60EC
:102190001A615A619A613B1D20220021184605F000
:1021A00076FF4E4B4E4A1A604C4B00225A604B4B06
:1021B00000229A60494B40F23F62DA60474B0022AE
:1021C0001A61464B00225A61444B00229A614348EF
:1021D00001F04EFE0346002B14BF01230023DBB2A7
:1021E000002B01D000F070FA4FF48053BB6407F16C
:1021F00048031946394802F06FFB0346002B14BF11
:1022000001230023DBB2002B01D000F05DFA33483C
:1022100001F00FFF0346002B14BF01230023DBB2A4
:10222000002B01D000F050FA00233B6400237B64B4
:1022300007F140031946294802F006FF0346002B28
:1022400014BF01230023DBB2002B01D000F03CFAC5
:1022500060237B6240F21F33BB620023FB620023DA
:102260003B6300237B630023BB630023FB6307F115
:10227000240300221946194802F06CFA0346002B89
:1022800014BF01230023DBB2002B01D000F01CFAA5
:1022900000237B600023BB600023FB6000233B61C5
:1022A00000237B614FF40053BB6100233B623B1D65
:1022B00019460A4802F036FF0346002B14BF0123DB
:1022C0000023DBB2002B01D000F0FEF9034800F040
:1022D00049FB00BF5837BD4680BD00BFF801002054
:1022E0000000014080B58EB000AF07F12803002246
:1022F0001A605A609A60DA6007F1200300221A60BF
:102300005A603B1D00221A605A609A60DA601A61B6
:102310005A619A613A4B4FF080421A60384B002262
:102320005A60374B00229A60354B40F21F32DA6018
:10233000334B00221A61324B00229A61304801F07F
:1023400097FD0346002B14BF01230023DBB2002BB3
:1023500001D000F0B9F94FF48053BB6207F12803B4
:102360001946274802F0B8FA0346002B14BF012390
:102370000023DBB2002B01D000F0A6F9204801F0C9
:1023800058FE0346002B14BF01230023DBB2002BB1
:1023900001D000F099F900233B6200237B6207F132
:1023A00020031946164802F04FFE0346002B14BFC7
:1023B00001230023DBB2002B01D000F085F960235C
:1023C0007B6040F28F13BB600023FB6000237B61C6
:1023D0003B1D002219460A4802F0BCF90346002BB7
:1023E00014BF01230023DBB2002B01D000F06CF9F5
:1023F000034800F0B7FA00BF3837BD4680BD00BFC4
:102400004002002080B58CB000AF07F10C032422FD
:102410000021184605F03BFE3B1D00221A605A6061
:10242000254B264A1A60244B00225A60224B002278
:102430009A60214B4FF6FF72DA601F4B00221A613F
:102440001D4B00229A610123FB6000233B610123A5
:102450007B610023BB610023FB6100233B620123FE
:102460007B620023BB620023FB6207F10C03194669
:10247000114801F04BFF0346002B14BF012300233A
:10248000DBB2002B01D000F01FF900237B6000239A
:10249000BB603B1D1946084802F0D6FD0346002BE1
:1024A00014BF01230023DBB2002B01D000F00CF994
:1024B00000BF3037BD4680BD8802002000080040C4
:1024C00080B58EB000AF07F1280300221A605A6071
:1024D0009A60DA6007F1200300221A605A603B1DFF
:1024E00000221A605A609A60DA601A615A619A6131
:1024F000414B424A1A60404B00225A603E4B002238
:102500009A603D4B41F28732DA603B4B00221A6100
:10251000394B00229A61384801F0AAFC0346002B8F
:1025200014BF01230023DBB2002B01D000F0CCF854
:102530004FF48053BB6207F1280319462E4802F07E
:10254000CBF90346002B14BF01230023DBB2002B81
:1025500001D000F0B9F8284801F06BFD0346002BCC
:1025600014BF01230023DBB2002B01D000F0ACF834
:1025700000233B6200237B6207F1200319461E48BB
:1025800002F062FD0346002B14BF01230023DBB2DF
:10259000002B01D000F098F860237B600023BB6023
:1025A0000023FB6000237B613B1D0022194612487B
:1025B00002F0D0F80346002B14BF01230023DBB246
:1025C000002B01D000F080F83B1D042219460A4878
:1025D00002F0C0F80346002B14BF01230023DBB236
:1025E000002B01D000F070F8034800F0BBF900BFE9
:1025F0003837BD4680BD00BFD0020020000C00402F
:1026000080B500AF134B144A1A60124B4FF41652A8
:102610005A60104B00229A600E4B0022DA600D4B7C
:1026200000221A610B4B0C225A610A4B00229A615C
:10263000084B0022DA61074802F0DAFD0346002B5E
:1026400014BF01230023DBB2002B01D000F03CF8C3
:1026500000BF80BD180300200010014080B485B089
:1026600000AF0023FB60174B1B6B164A43F00403BB
:102670001363144B1B6B03F00403FB60FB68002324
:10268000BB60104B1B6B0F4A43F0010313630D4BF0
:102690001B6B03F00103BB60BB6800237B60094B2D
:1026A0001B6B084A43F002031363064B1B6B03F0DA
:1026B00002037B607B6800BF1437BD465DF8047B76
:1026C000704700BF0038024080B400AF72B600BF50
:1026D00000BFFDE790B58FB004AF786039607B68CC
:1026E000012B2FD13B684FF6FF7293422AD1174B33
:1026F00007F108040FCB84E80F006C4607F10C03C8
:1027000093E8070084E80700BB68002210491148DD
:10271000FEF7D2FF104B07F118040FCB84E80F002F
:102720006C4607F11C0393E8070084E80700BB69C7
:1027300000220A490A48FEF7BFFF0A4A0A490B4825
:10274000FEF766FC00BF2C37BD4690BD5CAD0008AF
:10275000F8010020B00300206CAD0008400200200A
:10276000E80300202C040020200400203C0400206A
:1027700080B500AF4FF6FF710120FFF7ABFF80BDC2
:1027800080B483B000AF00237B60104B5B6C0F4ABA
:1027900043F4804353640D4B5B6C03F480437B60D4
:1027A0007B6800233B60094B1B6C084A43F0805355
:1027B0001364064B1B6C03F080533B603B6800BF07
:1027C0000C37BD465DF8047B704700BF00380240FF
:1027D00080B586B000AF78607B681B68364A93424C
:1027E0002ED100237B61354B5B6C344A43F00103EF
:1027F0005364324B5B6C03F001037B617B69002205
:102800000021182000F075FC182000F08EFC00223A
:102810000021192000F06DFC192000F086FC002238
:1028200000211A2000F065FC1A2000F07EFC002236
:1028300000211B2000F05DFC1B2000F076FC36E040
:102840007B681B68B3F1804F16D100233B611B4BA3
:102850001B6C1A4A43F001031364184B1B6C03F002
:1028600001033B613B69002200211C2000F041FC78
:102870001C2000F05AFC1AE07B681B68104A934247
:1028800015D10023FB600D4B1B6C0C4A43F0080371
:1028900013640A4B1B6C03F00803FB60FB68002207
:1028A0000021322000F025FC322000F03EFC00BF69
:1028B0001837BD4680BD00BF00000140003802400F
:1028C000000C004080B58AB000AF786007F11403B7
:1028D00000221A605A609A60DA601A617B681B688D
:1028E0001D4A934233D100233B611C4B1B6C1B4A96
:1028F00043F004031364194B1B6C03F004033B61A6
:102900003B690023FB60154B1B6B144A43F0020329
:102910001363124B1B6B03F00203FB60FB68C023C5
:102920007B610223BB610023FB6100233B62022326
:102930007B6207F114031946094800F0A3FC00224A
:1029400000211E2000F0D5FB1E2000F0EEFB00BF92
:102950002837BD4680BD00BF000800400038024057
:102960000004024080B58AB000AF786007F114031C
:1029700000221A605A609A60DA601A617B681B68EC
:10298000364A93421FD100233B61354B1B6B344ABF
:1029900043F001031363324B1B6B03F001033B61F4
:1029A0003B694FF480737B610223BB610023FB61B1
:1029B00000233B6201237B6207F114031946294877
:1029C00000F060FC46E07B681B68B3F1804F1ED1CD
:1029D0000023FB60224B1B6B214A43F0010313636E
:1029E0001F4B1B6B03F00103FB60FB6820237B6123
:1029F0000223BB610023FB6100233B6201237B6256
:102A000007F114031946174800F03CFC22E07B68EC
:102A10001B68154A93421DD10023BB60104B1B6BF2
:102A20000F4A43F0010313630D4B1B6B03F00103CB
:102A3000BB60BB6803237B610223BB610023FB6196
:102A400000233B6202237B6207F114031946054809
:102A500000F018FC00BF2837BD4680BD00000140D3
:102A60000038024000000240000C004080B58AB0EF
:102A700000AF786007F1140300221A605A609A6070
:102A8000DA601A617B681B681D4A934234D10023C7
:102A90003B611C4B5B6C1B4A43F010035364194BA6
:102AA0005B6C03F010033B613B690023FB60154B3B
:102AB0001B6B144A43F001031363124B1B6B03F0AF
:102AC0000103FB60FB684FF4C0637B610223BB61C1
:102AD0000023FB6103233B6207237B6207F114039E
:102AE0001946094800F0CEFB00220021252000F005
:102AF00000FB252000F019FB00BF2837BD4680BD34
:102B000000100140003802400000024080B400AFD5
:102B100000BFFDE780B400AF00BFFDE780B400AFA9
:102B200000BFFDE780B400AF00BFFDE780B400AF99
:102B300000BFFDE780B400AF00BFBD465DF8047B79
:102B4000704780B400AF00BFBD465DF8047B70479E
:102B500080B400AF00BFBD465DF8047B704780B510
:102B600000AF00F0A7F900BF80BD000080B500AF46
:102B7000024801F0FFFC00BF80BD00BFF80100204B
:102B800080B500AF024801F0F5FC00BF80BD00BF7A
:102B9000F801002080B500AF024801F0EBFC00BF57
:102BA00080BD00BFF801002080B500AF024801F0F1
:102BB000E1FC00BF80BD00BFF801002080B500AF80
:102BC000024801F0D7FC00BF80BD00BF40020020DA
:102BD00080B500AF024801F0CDFC00BF80BD00BF52
:102BE0008802002080B500AF024802F001FC00BF5F
:102BF00080BD00BF1803002080B500AF024801F07F
:102C0000B9FC00BF80BD00BFD002002080B400AF7F
:102C100001231846BD465DF8047B704780B582B03D
:102C200000AF7860396005F0F3FA034616221A60A7
:102C30004FF0FF3318460837BD4680BD80B582B0DF
:102C400000AF78604FF0FF317868FFF7E7FF00BF13
:102C5000FDE780B586B000AFF860B9607A60002308
:102C60007B610AE0AFF300800146BB685A1CBA6082
:102C7000CAB21A707B6901337B617A697B689A42B8
:102C8000F0DB7B6818461837BD4680BD80B586B03E
:102C900000AFF860B9607A6000237B6109E0BB682F
:102CA0005A1CBA601B781846AFF300807B69013369
:102CB0007B617A697B689A42F1DB7B68184618373A
:102CC000BD4680BD80B483B000AF78604FF0FF3365
:102CD00018460C37BD465DF8047B704780B483B05E
:102CE00000AF786039603B684FF400525A600023AF
:102CF00018460C37BD465DF8047B704780B483B03E
:102D000000AF7860012318460C37BD465DF8047BA0
:102D1000704780B485B000AFF860B9607A60002376
:102D200018461437BD465DF8047B704780B586B001
:102D300000AF7860144A154BD31A7B617B693B6105
:102D4000134B1B68002B02D1114B124A1A60104B17
:102D50001A687B6813443A699A4207D205F058FA18
:102D600003460C221A604FF0FF3309E0084B1B6842
:102D7000FB60074B1A687B681344054A1360FB68C5
:102D800018461837BD4680BD000002200004000030
:102D90006C040020C005002080B400AF064BD3F8BF
:102DA0008830054A43F47003C2F8883000BFBD463E
:102DB0005DF8047B704700BF00ED00E0DFF834D021
:102DC000FFF7EAFF0C480D490D4A002302E0D458F2
:102DD000C4500433C4188C42F9D30A4A0A4C002365
:102DE00001E013600432A242FBD305F017FAFEF7AC
:102DF000D9FE70470000022000000020D40100200E
:102E000078B20008D4010020C0050020FEE70000D1
:102E100080B500AF0E4B1B680D4A43F4007313607E
:102E20000B4B1B680A4A43F480631360084B1B6812
:102E3000074A43F480731360032000F04FF90F201A
:102E400000F008F8FFF79CFC0023184680BD00BF87
:102E5000003C024080B582B000AF7860124B1A6827
:102E6000124B1B7819464FF47A73B3FBF1F3B2FBA4
:102E7000F3F3184600F067F90346002B01D0012355
:102E80000EE07B680F2B0AD8002279684FF0FF30E4
:102E900000F02FF9064A7B681360002300E001234D
:102EA00018460837BD4680BD0000002008000020FD
:102EB0000400002080B400AF064B1B781A46064B76
:102EC0001B681344044A136000BFBD465DF8047BD1
:102ED000704700BF080000207004002080B400AFDD
:102EE000034B1B681846BD465DF8047B704700BF66
:102EF0007004002080B584B000AF7860FFF7EEFF6B
:102F0000B8607B68FB60FB68B3F1FF3F05D00A4BFC
:102F10001B781A46FB681344FB6000BFFFF7DEFF17
:102F20000246BB68D31AFA689A42F7D800BF00BFBE
:102F30001037BD4680BD00BF0800002080B485B0BA
:102F400000AF78607B6803F00703FB600C4BDB6825
:102F5000BB60BA684FF6FF031340BB60FB681A0200
:102F6000BB68134343F0BF6343F40033BB60044AC0
:102F7000BB68D36000BF1437BD465DF8047B704763
:102F800000ED00E080B400AF044BDB681B0A03F0E7
:102F900007031846BD465DF8047B704700ED00E06E
:102FA00080B483B000AF0346FB7197F90730002B64
:102FB0000BDBFB7903F01F02074997F907305B0928
:102FC000012000FA02F241F8232000BF0C37BD4671
:102FD0005DF8047B704700BF00E100E080B483B07F
:102FE00000AF03463960FB7197F90730002B0ADB0D
:102FF0003B68DAB20C4997F907301201D2B20B44A0
:1030000083F800230AE03B68DAB20849FB7903F051
:103010000F03043B1201D2B20B441A7600BF0C37E7
:10302000BD465DF8047B704700E100E000ED00E084
:1030300080B489B000AFF860B9607A60FB6803F0D3
:103040000703FB61FB69C3F10703042B28BF0423BB
:10305000BB61FB690433062B02D9FB69033B00E02B
:1030600000237B614FF0FF32BB6902FA03F3DA43BE
:10307000BB681A407B699A404FF0FF317B6901FAC7
:1030800003F3D9437B680B40134318462437BD46EE
:103090005DF8047B7047000080B582B000AF7860B7
:1030A0007B68013BB3F1807F01D301230FE00A4A23
:1030B0007B68013B53600F214FF0FF30FFF78EFF1D
:1030C000054B00229A60044B07221A600023184621
:1030D0000837BD4680BD00BF10E000E080B582B07B
:1030E00000AF78607868FFF729FF00BF0837BD465A
:1030F00080BD80B586B000AF0346B9607A60FB73CF
:1031000000237B61FFF73EFF78617A68B9687869D0
:10311000FFF78EFF024697F90F3011461846FFF76A
:103120005DFF00BF1837BD4680BD80B582B000AFDF
:103130000346FB7197F907301846FFF731FF00BFD0
:103140000837BD4680BD80B582B000AF7860786832
:10315000FFF7A2FF034618460837BD4680BD80B57D
:1031600084B000AF78607B689B6DFB60FFF7B6FEB4
:10317000B8607B6893F83530DBB2022B08D07B68EF
:1031800080225A657B68002283F83420012352E0B4
:103190007B681B681A687B681B6822F016021A603D
:1031A0007B681B685A697B681B6822F080025A6141
:1031B0007B681B6C002B03D17B689B6C002B07D0BA
:1031C0007B681B681A687B681B6822F008021A601B
:1031D0007B681B681A687B681B6822F001021A6012
:1031E00013E0FFF77BFE0246BB68D31A052B0CD910
:1031F0007B6820225A657B68032283F835207B6830
:10320000002283F83420032315E07B681B681B68C9
:1032100003F00103002BE4D17B68DB6D3F229A4071
:10322000FB689A607B68012283F835207B68002266
:1032300083F83420002318461037BD4680BD80B483
:1032400083B000AF78607B6893F83530DBB2022B37
:1032500004D07B6880225A6501230CE07B6805223C
:1032600083F835207B681B681A687B681B6822F02E
:1032700001021A60002318460C37BD465DF8047B36
:103280007047000080B489B000AF786039600023D7
:103290007B6100233B610023BB610023FB6159E19B
:1032A0000122FB6902FA03F37B613B681B687A69C0
:1032B00013403B613A697B699A4240F048813B6820
:1032C0005B6803F00303012B05D03B685B6803F0E8
:1032D0000303022B30D17B689B68BB61FB695B00F9
:1032E000032202FA03F3DB43BA691340BB613B6874
:1032F000DA68FB695B0002FA03F3BA691343BB6146
:103300007B68BA699A607B685B68BB610122FB6974
:1033100002FA03F3DB43BA691340BB613B685B68A5
:103320001B0903F00102FB6902FA03F3BA691343B4
:10333000BB617B68BA695A603B685B6803F0030352
:10334000032B17D07B68DB68BB61FB695B00032242
:1033500002FA03F3DB43BA691340BB613B689A6826
:10336000FB695B0002FA03F3BA691343BB617B6834
:10337000BA69DA603B685B6803F00303022B23D170
:10338000FB69DA087B68083253F82230BB61FB69BD
:1033900003F007039B000F2202FA03F3DB43BA6931
:1033A0001340BB613B681A69FB6903F007039B008C
:1033B00002FA03F3BA691343BB61FB69DA087B685D
:1033C0000832B96943F822107B681B68BB61FB694E
:1033D0005B00032202FA03F3DB43BA691340BB61CB
:1033E0003B685B6803F00302FB695B0002FA03F3CE
:1033F000BA691343BB617B68BA691A603B685B6852
:1034000003F44033002B00F0A2800023FB60574BF5
:103410005B6C564A43F480435364544B5B6C03F437
:103420008043FB60FB68524AFB699B08023352F8F9
:103430002330BB61FB6903F003039B000F2202FAF8
:1034400003F3DB43BA691340BB617B68494A93428B
:1034500019D07B68484A934213D07B68474A93420D
:103460000DD07B68464A934207D07B68454A934219
:1034700001D1042308E0072306E0032304E002232C
:1034800002E0012300E00023FA6902F00302920047
:103490009340BA691343BB613549FB699B0802330A
:1034A000BA6941F82320384B9B68BB613B69DB4319
:1034B000BA691340BB613B685B6803F48013002B5F
:1034C00003D0BA693B691343BB612F4ABB69936060
:1034D0002D4BDB68BB613B69DB43BA691340BB61C1
:1034E0003B685B6803F40013002B03D0BA693B69A7
:1034F0001343BB61244ABB69D360234B5B68BB6148
:103500003B69DB43BA691340BB613B685B6803F40A
:103510000033002B03D0BA693B691343BB611A4ADD
:10352000BB695360184B1B68BB613B69DB43BA69DD
:103530001340BB613B685B6803F48033002B03D00E
:10354000BA693B691343BB610F4ABB691360FB69EE
:103550000133FB61FB690F2B7FF6A2AE00BF00BFFA
:103560002437BD465DF8047B704700BF0038024039
:103570000038014000000240000402400008024000
:10358000000C024000100240003C014080B483B0B7
:1035900000AF78600B467B8013467B707B78002BF6
:1035A00003D07A887B689A6103E07B881A047B6881
:1035B0009A6100BF0C37BD465DF8047B7047000080
:1035C00080B586B000AF78607B68002B01D1012305
:1035D00067E27B681B6803F00103002B75D0884B02
:1035E0009B6803F00C03042B0CD0854B9B6803F005
:1035F0000C03082B12D1824B5B6803F48003B3F5F4
:10360000800F0BD17E4B1B6803F40033002B5BD083
:103610007B685B68002B57D1012342E27B685B68C3
:10362000B3F5803F06D1764B1B68754A43F480336F
:1036300013601DE07B685B68B3F5A02F0CD1704B65
:103640001B686F4A43F4802313606D4B1B686C4A00
:1036500043F4803313600BE0694B1B68684A23F422
:1036600080331360664B1B68654A23F48023136024
:103670007B685B68002B13D0FFF730FC386108E0F3
:10368000FFF72CFC02463B69D31A642B01D90323B4
:1036900007E25B4B1B6803F40033002BF0D014E00F
:1036A000FFF71CFC386108E0FFF718FC02463B6995
:1036B000D31A642B01D90323F3E1514B1B6803F4A4
:1036C0000033002BF0D100E000BF7B681B6803F0E3
:1036D0000203002B63D04A4B9B6803F00C03002BC2
:1036E0000BD0474B9B6803F00C03082B1CD1444BB9
:1036F0005B6803F48003002B16D1414B1B6803F079
:103700000203002B05D07B68DB68012B01D001236D
:10371000C7E13B4B1B6823F0F8027B681B69DB00A9
:10372000374913430B603AE07B68DB68002B20D0FD
:10373000344B01221A60FFF7D1FB386108E0FFF734
:10374000CDFB02463B69D31A022B01D90323A8E122
:103750002B4B1B6803F00203002BF0D0284B1B6897
:1037600023F0F8027B681B69DB00254913430B60DB
:1037700015E0244B00221A60FFF7B0FB386108E027
:10378000FFF7ACFB02463B69D31A022B01D9032396
:1037900087E11B4B1B6803F00203002BF0D17B6811
:1037A0001B6803F00803002B36D07B685B69002B95
:1037B00016D0154B01221A60FFF790FB386108E024
:1037C000FFF78CFB02463B69D31A022B01D9032376
:1037D00067E10B4B5B6F03F00203002BF0D01BE0A3
:1037E000094B00221A60FFF779FB38610EE0FFF702
:1037F00075FB02463B69D31A022B07D9032350E11C
:103800000038024000004742800E4742884B5B6F01
:1038100003F00203002BEAD17B681B6803F004036A
:10382000002B00F097800023FB75814B1B6C03F08D
:103830008053002B0FD10023BB607D4B1B6C7C4A57
:1038400043F0805313647A4B1B6C03F08053BB60CE
:10385000BB680123FB75774B1B6803F48073002B57
:1038600018D1744B1B68734A43F480731360FFF7DD
:1038700035FB386108E0FFF731FB02463B69D31A9C
:10388000022B01D903230CE16A4B1B6803F48073FC
:10389000002BF0D07B689B68012B06D1644B1B6F1B
:1038A000634A43F0010313671CE07B689B68052BA8
:1038B0000CD15F4B1B6F5E4A43F0040313675C4BF4
:1038C0001B6F5B4A43F0010313670BE0584B1B6F00
:1038D000574A23F001031367554B1B6F544A23F0DB
:1038E000040313677B689B68002B15D0FFF7F6FA7B
:1038F00038610AE0FFF7F2FA02463B69D31A41F257
:103900008832934201D90323CBE0494B1B6F03F06C
:103910000203002BEED014E0FFF7E0FA38610AE072
:10392000FFF7DCFA02463B69D31A41F28832934230
:1039300001D90323B5E03E4B1B6F03F00203002BBC
:10394000EED1FB7D012B05D1394B1B6C384A23F09E
:10395000805313647B689B69002B00F0A180344B7B
:103960009B6803F00C03082B5CD07B689B69022BDF
:1039700041D1314B00221A60FFF7B0FA386108E0FC
:10398000FFF7ACFA02463B69D31A022B01D9032395
:1039900087E0274B1B6803F00073002BF0D17B6896
:1039A000DA697B681B6A1A437B685B6A9B011A436E
:1039B0007B689B6A5B08013B1B041A437B68DB6ADC
:1039C0001B061B4913434B601B4B01221A60FFF778
:1039D00085FA386108E0FFF781FA02463B69D31A9D
:1039E000022B01D903235CE0114B1B6803F0007329
:1039F000002BF0D054E0104B00221A60FFF76EFA53
:103A0000386108E0FFF76AFA02463B69D31A022BD5
:103A100001D9032345E0064B1B6803F00073002B1C
:103A2000F0D13DE07B689B69012B07D1012338E091
:103A30000038024000700040600047421B4B5B684A
:103A4000FB607B689B69012B28D0FB6803F4800234
:103A50007B68DB699A4221D1FB6803F03F027B68F7
:103A60001B6A9A421AD1FA6847F6C07313407A6803
:103A7000526A9201934211D1FB6803F440327B6891
:103A80009B6A5B08013B1B049A4207D1FB6803F069
:103A900070627B68DB6A1B069A4201D0012300E05A
:103AA000002318461837BD4680BD00BF00380240CD
:103AB00080B584B000AF786039607B68002B01D19D
:103AC0000123CCE0684B1B6803F007033A689A4275
:103AD0000CD9654B3A68D2B21A70634B1B6803F07D
:103AE00007033A689A4201D00123B8E07B681B685B
:103AF00003F00203002B20D07B681B6803F0040353
:103B0000002B05D0594B9B68584A43F4E05393600F
:103B10007B681B6803F00803002B05D0534B9B68A0
:103B2000524A43F460439360504B9B6823F0F00289
:103B30007B689B684D4913438B607B681B6803F06F
:103B40000103002B44D07B685B68012B07D1474BF6
:103B50001B6803F40033002B19D101237FE07B683D
:103B60005B68022B03D07B685B68032B07D13F4B5C
:103B70001B6803F00073002B09D101236FE03B4B5E
:103B80001B6803F00203002B01D1012367E0374BD0
:103B90009B6823F003027B685B68344913438B60A6
:103BA000FFF79CF9F8600AE0FFF798F90246FB6816
:103BB000D31A41F28832934201D903234FE02B4BB1
:103BC0009B6803F00C027B685B689B009A42EBD118
:103BD000254B1B6803F007033A689A420CD2224B2C
:103BE0003A68D2B21A70204B1B6803F007033A6898
:103BF0009A4201D0012332E07B681B6803F0040382
:103C0000002B08D0194B9B6823F4E0527B68DB68DB
:103C1000164913438B607B681B6803F00803002B75
:103C200009D0124B9B6823F460427B681B69DB0060
:103C30000E4913438B6000F021F802460B4B9B6842
:103C40001B0903F00F030A49CB5C22FA03F3094A6C
:103C50001360094B1B681846FFF7FCF80023184651
:103C60001037BD4680BD00BF003C02400038024016
:103C7000ACAD000800000020040000202DE9B04F8A
:103C800090B000AF00237B630023FB6300233B6302
:103C90000023BB63594B9B6803F00C03082B0DD02A
:103CA000082B00F2A180002B02D0042B03D09BE054
:103CB000534BBB639BE0534BBB6398E04F4B5B683C
:103CC00003F03F037B634D4B5B6803F48003002BE1
:103CD00028D04A4B5B689B0900223B627A623B6AB0
:103CE000C3F308000021474B03FB01F2002300FB54
:103CF00003F31344434AA0FB0212FA620A46BA6273
:103D0000FA6A1344FB627B6B0022BB61FA61D7E95C
:103D10000623D7E90A01FCF7BFFF02460B4613460C
:103D2000FB6353E0354B5B689B0900223B617A6182
:103D30003B69C3F3080A4FF0000B52465B464FF055
:103D400000004FF00001590141EAD26150010246E2
:103D50000B46B2EB0A0863EB0B094FF000024FF081
:103D600000034FEA891343EA98634FEA8812B2EBE3
:103D7000080463EB09054FF000024FF00003EB006D
:103D800043EA5473E20014461D4614EB0A033B60F9
:103D900045EB0B037B604FF000024FF00003D7E9C7
:103DA000004529468B02214643EA915321468A0267
:103DB000104619467B6B0022BB60FA60D7E90223EC
:103DC000FCF76AFF02460B461346FB630B4B5B682E
:103DD0001B0C03F0030301335B003B63FA6B3B6B8B
:103DE000B2FBF3F3BB6302E0054BBB6300BFBB6BED
:103DF00018464037BD46BDE8B08F00BF00380240CE
:103E00000024F40040787D0180B400AF034B1B68B0
:103E10001846BD465DF8047B704700BF00000020D7
:103E200080B500AFFFF7F0FF0246054B9B689B0A89
:103E300003F007030349CB5C22FA03F3184680BD65
:103E400000380240BCAD000880B500AFFFF7DCFFD2
:103E50000246054B9B685B0B03F007030349CB5CF1
:103E600022FA03F3184680BD00380240BCAD0008BA
:103E700080B582B000AF78607B68002B01D1012350
:103E800041E07B6893F83D30DBB2002B06D17B68C4
:103E9000002283F83C207868FEF79AFC7B680222B7
:103EA00083F83D207B681A687B6804331946104606
:103EB00000F0F8FD7B68012283F846207B68012230
:103EC00083F83E207B68012283F83F207B68012233
:103ED00083F840207B68012283F841207B6801221F
:103EE00083F842207B68012283F843207B6801220B
:103EF00083F844207B68012283F845207B680122F7
:103F000083F83D20002318460837BD4680BD0000D9
:103F100080B485B000AF78607B6893F83D30DBB249
:103F2000012B01D0012344E07B68022283F83D206D
:103F30007B681B68DA687B681B6842F00102DA6004
:103F40007B681B681E4A934218D07B681B68B3F1DC
:103F5000804F13D07B681B681A4A93420ED07B684F
:103F60001B68194A934209D07B681B68174A934221
:103F700004D07B681B68164A934211D17B681B688A
:103F80009B6803F00703FB60FB68062B10D07B687F
:103F90001B681A687B681B6842F001021A6007E020
:103FA0007B681B681A687B681B6842F001021A6014
:103FB000002318461437BD465DF8047B704700BFE8
:103FC000000001400004004000080040000C0040D8
:103FD0000040014080B483B000AF78607B681B680C
:103FE000DA687B681B6822F00102DA607B681B6874
:103FF0001A6A41F211131340002B0FD17B681B6822
:104000001A6A40F244431340002B07D17B681B68B7
:104010001A687B681B6822F001021A607B68012223
:1040200083F83D20002318460C37BD465DF8047B1D
:10403000704780B582B000AF78607B68002B01D1FB
:10404000012341E07B6893F83D30DBB2002B06D1C1
:104050007B68002283F83C20786800F039F87B68A0
:10406000022283F83D207B681A687B680433194676
:10407000104600F017FD7B68012283F846207B681C
:10408000012283F83E207B68012283F83F207B6871
:10409000012283F840207B68012283F841207B685D
:1040A000012283F842207B68012283F843207B6849
:1040B000012283F844207B68012283F845207B6835
:1040C000012283F83D20002318460837BD4680BDF5
:1040D00080B483B000AF786000BF0C37BD465DF898
:1040E000047B704780B584B000AF786039603B686E
:1040F000002B09D17B6893F83E30DBB2012B14BF53
:1041000001230023DBB222E03B68042B09D17B684A
:1041100093F83F30DBB2012B14BF01230023DBB245
:1041200015E03B68082B09D17B6893F84030DBB27F
:10413000012B14BF01230023DBB208E07B6893F856
:104140004130DBB2012B14BF01230023DBB2002B73
:1041500001D0012368E03B68002B04D17B68022278
:1041600083F83E2013E03B68042B04D17B680222D5
:1041700083F83F200BE03B68082B04D17B680222C8
:1041800083F8402003E07B68022283F841207B68AB
:104190001B6801223968184600F030FF7B681B68F5
:1041A000234A934207D17B681B685A6C7B681B6863
:1041B00042F400425A647B681B681D4A934218D03F
:1041C0007B681B68B3F1804F13D07B681B68194A6A
:1041D00093420ED07B681B68174A934209D07B68D4
:1041E0001B68164A934204D07B681B68144A9342AA
:1041F00011D17B681B689B6803F00703FB60FB68B9
:10420000062B10D07B681B681A687B681B6842F01D
:1042100001021A6007E07B681B681A687B681B68EC
:1042200042F001021A60002318461037BD4680BDD7
:10423000000001400004004000080040000C004065
:104240000040014080B582B000AF786039607B6883
:104250001B6800223968184600F0D0FE7B681B6896
:10426000294A934217D17B681B681A6A41F21113DD
:104270001340002B0FD17B681B681A6A40F244433D
:104280001340002B07D17B681B685A6C7B681B6846
:1042900022F400425A647B681B681A6A41F21113C7
:1042A0001340002B0FD17B681B681A6A40F244430D
:1042B0001340002B07D17B681B681A687B681B685A
:1042C00022F001021A603B68002B04D17B680122B6
:1042D00083F83E2013E03B68042B04D17B68012265
:1042E00083F83F200BE03B68082B04D17B68012258
:1042F00083F8402003E07B68012283F841200023FB
:1043000018460837BD4680BD0000014080B586B024
:1043100000AF786039607B68002B01D1012397E002
:104320007B6893F83D30DBB2002B06D17B6800221E
:1043300083F83C207868FEF7C5FA7B68022283F890
:104340003D207B681B689B687A68126823F4804371
:1043500023F0070393607B681A687B68043319466F
:10436000104600F09FFB7B681B689B687B617B6845
:104370001B689B693B617B681B681B6AFB603B6831
:104380001B687A6913437B613B6923F4407323F014
:1043900003033B613B689A683B689B691B021343BC
:1043A0003A6913433B613B6923F4406323F00C03F8
:1043B0003B613B6923F4704323F0F0033B613B68AE
:1043C000DA683B68DB691B0213433A6913433B61BC
:1043D0003B681B691A013B681B6A1B0313433A695C
:1043E00013433B61FB6823F02203FB60FB6823F06F
:1043F0008803FB603B685A683B685B691B01134399
:10440000FA681343FB607B681B687A699A607B6873
:104410001B683A699A617B681B68FA681A627B6854
:10442000012283F846207B68012283F83E207B68C6
:10443000012283F83F207B68012283F842207B68B9
:10444000012283F843207B68012283F83D2000236A
:1044500018461837BD4680BD80B584B000AF78607F
:1044600039607B6893F83E30FB737B6893F83F308C
:10447000BB737B6893F842307B737B6893F843305F
:104480003B733B68002B10D1FB7B012B02D17B7B64
:10449000012B01D0012369E07B68022283F83E20D2
:1044A0007B68022283F8422031E03B68042B10D164
:1044B000BB7B012B02D13B7B012B01D0012355E0BB
:1044C0007B68022283F83F207B68022283F8432026
:1044D0001DE0FB7B012B08D1BB7B012B05D17B7B36
:1044E000012B02D13B7B012B01D001233EE07B68F5
:1044F000022283F83E207B68022283F83F207B68FB
:10450000022283F842207B68022283F843203B6822
:10451000002B03D03B68042B08D00FE07B681B689E
:1045200001220021184600F069FD16E07B681B6837
:1045300001220421184600F061FD0EE07B681B6833
:1045400001220021184600F059FD7B681B680122FA
:104550000421184600F052FD00BF7B681B681A68F2
:104560007B681B6842F001021A600023184610376E
:10457000BD4680BD80B584B000AF78607B681B68A5
:10458000DB68FB607B681B681B69BB60BB6803F072
:104590000203002B20D0FB6803F00203002B1BD08A
:1045A0007B681B686FF002021A617B6801221A7730
:1045B0007B681B689B6903F00303002B03D07868BA
:1045C00000F05BFA05E0786800F04DFA7868FDF7D6
:1045D00021FD7B6800221A77BB6803F00403002BDF
:1045E00020D0FB6803F00403002B1BD07B681B6802
:1045F0006FF004021A617B6802221A777B681B68DD
:104600009B6903F44073002B03D0786800F035FAFF
:1046100005E0786800F027FA7868FDF7FBFC7B6816
:1046200000221A77BB6803F00803002B20D0FB6838
:1046300003F00803002B1BD07B681B686FF0080297
:104640001A617B6804221A777B681B68DB6903F0B8
:104650000303002B03D0786800F00FFA05E07868B8
:1046600000F001FA7868FDF7D5FC7B6800221A7724
:10467000BB6803F01003002B20D0FB6803F010038D
:10468000002B1BD07B681B686FF010021A617B68DF
:1046900008221A777B681B68DB6903F44073002BE0
:1046A00003D0786800F0E9F905E0786800F0DBF9FC
:1046B0007868FDF7AFFC7B6800221A77BB6803F0CF
:1046C0000103002B0CD0FB6803F00103002B07D083
:1046D0007B681B686FF001021A617868FDF7BAFC0D
:1046E000BB6803F08003002B0CD0FB6803F0800351
:1046F000002B07D07B681B686FF080021A61786816
:1047000000F06CFDBB6803F04003002B0CD0FB688D
:1047100003F04003002B07D07B681B686FF040025A
:104720001A61786800F0B3F9BB6803F02003002B2E
:104730000CD0FB6803F02003002B07D07B681B68BC
:104740006FF020021A61786800F03EFD00BF10375C
:10475000BD4680BD80B586B000AFF860B9607A60B4
:104760000023FB75FB6893F83C30012B01D1022339
:10477000AEE0FB68012283F83C207B680C2B00F242
:104780009F8001A252F823F0BD470008C1480008ED
:10479000C1480008C1480008FD470008C14800089A
:1047A000C1480008C14800083F480008C148000847
:1047B000C1480008C14800087F480008FB681B6822
:1047C000B968184600F0F4F9FB681B689A69FB6841
:1047D0001B6842F008029A61FB681B689A69FB68D3
:1047E0001B6822F004029A61FB681B689969BB6828
:1047F0001A69FB681B680A439A6164E0FB681B68DE
:10480000B968184600F03AFAFB681B689A69FB68B9
:104810001B6842F400629A61FB681B689A69FB6836
:104820001B6822F480629A61FB681B689969BB6807
:104830001B691A02FB681B680A439A6143E0FB6824
:104840001B68B968184600F085FAFB681B68DA69CE
:10485000FB681B6842F00802DA61FB681B68DA69D2
:10486000FB681B6822F00402DA61FB681B68D969E7
:10487000BB681A69FB681B680A43DA6123E0FB68BE
:104880001B68B968184600F0CFFAFB681B68DA6944
:10489000FB681B6842F40062DA61FB681B68DA6936
:1048A000FB681B6822F48062DA61FB681B68D969C7
:1048B000BB681B691A02FB681B680A43DA6102E0E5
:1048C0000123FB7500BFFB68002283F83C20FB7DC1
:1048D00018461837BD4680BD80B584B000AF7860FB
:1048E00039600023FB737B6893F83C30012B01D1C6
:1048F0000223B4E07B68012283F83C207B6802221B
:1049000083F83D207B681B689B68BB60BB6823F015
:104910007703BB60BB6823F47F43BB607B681B6885
:10492000BA689A603B681B68B3F5005F3ED0B3F588
:10493000005F00F28780B3F5805F00F08680B3F5FA
:10494000805F7FD8702B1AD0702B7BD8602B50D013
:10495000602B77D8502B3CD0502B73D8402B58D09D
:10496000402B6FD8302B64D0302B6BD8202B60D0ED
:10497000202B67D8002B5CD0102B5AD062E07B68CC
:1049800018683B6899683B685A683B68DB6800F0C8
:1049900015FB7B681B689B68BB60BB6843F07703B3
:1049A000BB607B681B68BA689A604FE07B681868D8
:1049B0003B6899683B685A683B68DB6800F0FEFA20
:1049C0007B681B689A687B681B6842F480429A6027
:1049D0003CE07B6818683B6859683B68DB681A46AE
:1049E00000F072FA7B681B685021184600F0CBFA81
:1049F0002CE07B6818683B6859683B68DB681A469E
:104A000000F091FA7B681B686021184600F0BBFA41
:104A10001CE07B6818683B6859683B68DB681A468D
:104A200000F052FA7B681B684021184600F0ABFA90
:104A30000CE07B681A683B681B681946104600F05A
:104A4000A2FA03E00123FB7300E000BF7B680122B0
:104A500083F83D207B68002283F83C20FB7B1846CE
:104A60001037BD4680BD80B483B000AF786000BF12
:104A70000C37BD465DF8047B704780B483B000AF4F
:104A8000786000BF0C37BD465DF8047B704780B48A
:104A900083B000AF786000BF0C37BD465DF8047B83
:104AA0007047000080B485B000AF786039607B68E3
:104AB0001B68FB607B68374A93420FD07B68B3F179
:104AC000804F0BD07B68344A934207D07B68334ACF
:104AD000934203D07B68324A934208D1FB6823F0AB
:104AE0007003FB603B685B68FA681343FB607B689C
:104AF000284A93421BD07B68B3F1804F17D07B6864
:104B0000254A934213D07B68244A93420FD07B6896
:104B1000234A93420BD07B68224A934207D07B689A
:104B2000214A934203D07B68204A934208D1FB6814
:104B300023F44073FB603B68DB68FA681343FB6057
:104B4000FB6823F080023B685B691343FB603B68B2
:104B50009A687B68DA623B681A687B689A627B684D
:104B60000C4A934203D13B681A697B681A637B68DD
:104B70001B6843F004027B681A607B6801225A615B
:104B80007B68FA681A6000BF1437BD465DF8047B85
:104B9000704700BF000001400004004000080040D2
:104BA000000C00400040014000440140004801402A
:104BB00080B487B000AF786039607B681B6A7B6126
:104BC0007B681B6A23F001027B681A627B685B6862
:104BD0003B617B689B69FB60FB6823F07003FB60B3
:104BE000FB6823F00303FB603B681B68FA68134310
:104BF000FB607B6923F002037B613B689B687A69F9
:104C000013437B617B681C4A93420CD17B6923F080
:104C100008037B613B68DB687A6913437B617B69CE
:104C200023F004037B617B68134A934211D13B69F3
:104C300023F480733B613B6923F400733B613B6861
:104C40005B693A6913433B613B689B693A6913436B
:104C50003B617B683A695A607B68FA689A613B6895
:104C60005A687B685A637B687A691A6200BF1C378E
:104C7000BD465DF8047B70470000014080B487B0FA
:104C800000AF786039607B681B6A7B617B681B6A58
:104C900023F010027B681A627B685B683B617B686B
:104CA0009B69FB60FB6823F4E043FB60FB6823F433
:104CB0004073FB603B681B681B02FA681343FB6090
:104CC0007B6923F020037B613B689B681B017A6949
:104CD00013437B617B681E4A93420DD17B6923F0AD
:104CE00080037B613B68DB681B017A6913437B614E
:104CF0007B6923F040037B617B68154A934213D1A3
:104D00003B6923F480633B613B6923F400633B61AF
:104D10003B685B699B003A6913433B613B689B6955
:104D20009B003A6913433B617B683A695A607B6830
:104D3000FA689A613B685A687B689A637B687A690B
:104D40001A6200BF1C37BD465DF8047B704700BF88
:104D50000000014080B487B000AF786039607B68A4
:104D60001B6A7B617B681B6A23F480727B681A6212
:104D70007B685B683B617B68DB69FB60FB6823F0F9
:104D80007003FB60FB6823F00303FB603B681B6858
:104D9000FA681343FB607B6923F400737B613B6813
:104DA0009B681B027A6913437B617B681D4A9342AF
:104DB0000DD17B6923F400637B613B68DB681B02D8
:104DC0007A6913437B617B6923F480637B617B6831
:104DD000144A934213D13B6923F480533B613B69EE
:104DE00023F400533B613B685B691B013A69134341
:104DF0003B613B689B691B013A6913433B617B68DC
:104E00003A695A607B68FA68DA613B685A687B687D
:104E1000DA637B687A691A6200BF1C37BD465DF8A9
:104E2000047B70470000014080B487B000AF786019
:104E300039607B681B6A3B617B681B6A23F4805284
:104E40007B681A627B685B687B617B68DB69FB60FF
:104E5000FB6823F4E043FB60FB6823F44073FB60D2
:104E60003B681B681B02FA681343FB603B6923F431
:104E700000533B613B689B681B033A6913433B61EA
:104E80007B68104A934209D17B6923F480437B619C
:104E90003B685B699B017A6913437B617B687A6934
:104EA0005A607B68FA68DA613B685A687B681A6402
:104EB0007B683A691A6200BF1C37BD465DF8047B07
:104EC000704700BF0000014080B487B000AFF860B9
:104ED000B9607A60FB681B6A7B61FB681B6A23F020
:104EE0000102FB681A62FB689B693B613B6923F026
:104EF000F0033B617B681B013A6913433B617B69AB
:104F000023F00A037B617A69BB6813437B61FB680A
:104F10003A699A61FB687A691A6200BF1C37BD461C
:104F20005DF8047B704780B487B000AFF860B9606B
:104F30007A60FB681B6A7B61FB681B6A23F01002C6
:104F4000FB681A62FB689B693B613B6923F4704311
:104F50003B617B681B033A6913433B617B6923F028
:104F6000A0037B61BB681B017A6913437B61FB680B
:104F70003A699A61FB687A691A6200BF1C37BD46BC
:104F80005DF8047B704780B485B000AF786039600D
:104F90007B689B68FB60FB6823F07003FB603A68EA
:104FA000FB68134343F00703FB607B68FA689A6071
:104FB00000BF1437BD465DF8047B704780B487B0EE
:104FC00000AFF860B9607A603B60FB689B687B610A
:104FD0007B6923F47F437B613B681A027B681A4339
:104FE000BB6813437A6913437B61FB687A699A60F3
:104FF00000BF1C37BD465DF8047B704780B487B0A6
:1050000000AFF860B9607A60BB6803F01F0301224B
:1050100002FA03F37B61FB681A6A7B69DB431A407F
:10502000FB681A62FB681A6ABB6803F01F037968A1
:1050300001FA03F31A43FB681A6200BF1C37BD462E
:105040005DF8047B7047000080B485B000AF7860E5
:1050500039607B6893F83C30012B01D1022350E08A
:105060007B68012283F83C207B68022283F83D2084
:105070007B681B685B68FB607B681B689B68BB6028
:10508000FB6823F07003FB603B681B68FA681343FE
:10509000FB607B681B68FA685A607B681B681C4A67
:1050A000934218D07B681B68B3F1804F13D07B68A4
:1050B0001B68184A93420ED07B681B68164A9342BD
:1050C00009D07B681B68154A934204D07B681B6833
:1050D000134A93420CD1BB6823F08003BB603B684A
:1050E0005B68BA681343BB607B681B68BA689A60E8
:1050F0007B68012283F83D207B68002283F83C20F6
:10510000002318461437BD465DF8047B704700BF86
:10511000000001400004004000080040000C004076
:105120000040014080B485B000AF78603960002352
:10513000FB607B6893F83C30012B01D102233DE0FA
:105140007B68012283F83C20FB6823F0FF023B6868
:10515000DB681343FB60FB6823F440723B689B6889
:105160001343FB60FB6823F480623B685B68134376
:10517000FB60FB6823F400623B681B681343FB6021
:10518000FB6823F480523B681B691343FB60FB6898
:1051900023F400523B685B691343FB60FB6823F414
:1051A00080423B68DB691343FB607B681B68FA68DD
:1051B0005A647B68002283F83C2000231846143789
:1051C000BD465DF8047B704780B483B000AF786063
:1051D00000BF0C37BD465DF8047B704780B483B0D8
:1051E00000AF786000BF0C37BD465DF8047B7047A8
:1051F00080B582B000AF78607B68002B01D10123BD
:1052000042E07B6893F84130DBB2002B06D17B682B
:10521000002283F840207868FDF728FC7B68242270
:1052200083F841207B681B68DA687B681B6822F47E
:105230000052DA60786800F0D3FD7B681B681A6959
:105240007B681B6822F490421A617B681B685A696C
:105250007B681B6822F02A025A617B681B68DA6847
:105260007B681B6842F40052DA607B6800225A6453
:105270007B68202283F841207B68202283F842202B
:105280007B6800225A63002318460837BD4680BD5C
:1052900080B58AB002AFF860B9603B601346FB800E
:1052A00000237B61FB6893F84130DBB2202B75D182
:1052B000BB68002B02D0FB88002B01D101236EE0DC
:1052C000FB6800225A64FB68212283F84120FDF725
:1052D00005FE7861FB68FA889A84FB68FA88DA84AC
:1052E000FB689B68B3F5805F08D1FB681B69002BE6
:1052F00004D10023FB61BB68BB6103E0BB68FB61B9
:105300000023BB612EE03B6800937B690022802173
:10531000F86800F037FB0346002B05D0FB6820221D
:1053200083F8412003233AE0FB69002B0BD1BB69D2
:105330001B881A46FB681B68C2F308025A60BB69E7
:105340000233BB6107E0FB691A78FB681B685A608F
:10535000FB690133FB61FB68DB8C9BB2013B9AB2BA
:10536000FB68DA84FB68DB8C9BB2002BCBD13B68FB
:1053700000937B6900224021F86800F003FB03469C
:10538000002B05D0FB68202283F84120032306E090
:10539000FB68202283F84120002300E00223184606
:1053A0002037BD4680BD80B584B000AFF860B960DD
:1053B0001346FB80FB6893F84230DBB2202B12D1FE
:1053C000BB68002B02D0FB88002B01D101230BE02E
:1053D000FB6800221A63FB881A46B968F86800F077
:1053E0002AFB034600E0022318461037BD4680BD65
:1053F00080B5BAB000AF78607B681B681B68C7F8DF
:10540000E4307B681B68DB68C7F8E0307B681B68AA
:105410005B69C7F8DC300023C7F8D8300023C7F831
:10542000D430D7F8E43003F00F03C7F8D830D7F8FA
:10543000D830002B0FD1D7F8E43003F02003002B35
:1054400009D0D7F8E03003F02003002B03D07868B0
:1054500000F007FC73E2D7F8D830002B00F0DE80B4
:10546000D7F8DC3003F00103002B06D1D7F8E03089
:1054700003F49073002B00F0D180D7F8E43003F0F0
:105480000103002B0BD0D7F8E03003F48073002B1E
:1054900005D07B685B6C43F001027B685A64D7F8E7
:1054A000E43003F00403002B0BD0D7F8DC3003F01A
:1054B0000103002B05D07B685B6C43F002027B6824
:1054C0005A64D7F8E43003F00203002B0BD0D7F86E
:1054D000DC3003F00103002B05D07B685B6C43F0EC
:1054E00004027B685A64D7F8E43003F00803002B09
:1054F00011D0D7F8E03003F02003002B05D1D7F806
:10550000DC3003F00103002B05D07B685B6C43F0BB
:1055100008027B685A647B685B6C002B00F00A828F
:10552000D7F8E43003F02003002B08D0D7F8E030A0
:1055300003F02003002B02D0786800F092FB7B6818
:105540001B685B6903F04003402B0CBF0123002361
:10555000DBB2C7F8D4307B685B6C03F00803002B28
:1055600003D1D7F8D430002B4FD0786800F09DFAE3
:105570007B681B685B6903F04003402B41D17B686B
:105580001B681433C7F89C30D7F89C3053E8003FB1
:10559000C7F89830D7F8983023F04003C7F8D030D8
:1055A0007B681B681433D7F8D020C7F8A820C7F849
:1055B000A430D7F8A410D7F8A82041E80023C7F8F2
:1055C000A030D7F8A030002BD9D17B68DB6B002B43
:1055D00013D07B68DB6B8A4A1A657B68DB6B1846E5
:1055E000FDF72DFE0346002B16D07B68DB6B1B6D91
:1055F0007A68D26B104698470EE0786800F0ACF9F4
:105600000AE0786800F0A8F906E0786800F0A4F9EC
:105610007B6800225A648DE100BF8BE17B681B6BC5
:10562000012B40F06781D7F8E43003F01003002B22
:1056300000F06081D7F8E03003F01003002B00F099
:1056400059810023BB607B681B681B68BB607B685B
:105650001B685B68BB60BB687B681B685B6903F0A9
:105660004003402B40F0CE807B68DB6B1B685B689F
:10567000A7F8BE30B7F8BE30002B00F0A9807B68D9
:105680009B8DB7F8BE209A4280F0A2807B68B7F865
:10569000BE20DA857B68DB6BDB69B3F5807F00F0C9
:1056A00088807B681B680C33C7F88830D7F888304F
:1056B00053E8003FC7F88430D7F8843023F4807370
:1056C000C7F8B8307B681B680C33D7F8B820C7F828
:1056D0009420C7F89030D7F89010D7F8942041E87C
:1056E0000023C7F88C30D7F88C30002BD9D17B68D9
:1056F0001B6814337B677B6F53E8003F3B673B6F4E
:1057000023F00103C7F8B4307B681B681433D7F863
:10571000B420C7F88020FB67F96FD7F8802041E8F4
:105720000023BB67BB6F002BE1D17B681B68143380
:105730003B663B6E53E8003FFB65FB6D23F0400387
:10574000C7F8B0307B681B681433D7F8B020FA660E
:10575000BB66B96EFA6E41E800237B667B6E002B58
:10576000E3D17B68202283F842207B6800221A6301
:105770007B681B680C33FB64FB6C53E8003FBB6425
:10578000BB6C23F01003C7F8AC307B681B680C338C
:10579000D7F8AC20BA657B65796DBA6D41E8002316
:1057A0003B653B6D002BE3D17B68DB6B1846FDF757
:1057B000D6FC7B6802225A637B689A8D7B68DB8DFE
:1057C0009BB2D31A9BB21946786800F0CFF8B3E0C9
:1057D0007B689B8DB7F8BE209A4240F0AD807B6815
:1057E000DB6BDB69B3F5807F40F0A6807B6802222B
:1057F0005A637B689B8D1946786800F0B7F89BE088
:10580000715B00087B689A8D7B68DB8D9BB2D31A35
:10581000A7F8CE307B68DB8D9BB2002B00F08E802A
:10582000B7F8CE30002B00F089807B681B680C3302
:10583000BB63BB6B53E8003F7B637B6B23F49073CC
:10584000C7F8C8307B681B680C33D7F8C8207A6467
:105850003B64396C7A6C41E80023FB63FB6B002BE3
:10586000E3D17B681B6814337B627B6A53E8003F9B
:105870003B623B6A23F00103C7F8C4307B681B68B6
:105880001433D7F8C4203A63FB62F96A3A6B41E8F3
:105890000023BB62BB6A002BE3D17B68202283F824
:1058A00042207B6800221A637B681B680C333B61D3
:1058B0003B6953E8003FFB60FB6823F01003C7F827
:1058C000C0307B681B680C33D7F8C020FA61BB611D
:1058D000B969FA6941E800237B617B69002BE3D158
:1058E0007B6802225A63B7F8CE301946786800F018
:1058F0003DF823E0D7F8E43003F08003002B09D013
:10590000D7F8E03003F08003002B03D0786800F074
:1059100040F914E0D7F8E43003F04003002B0ED038
:10592000D7F8E03003F04003002B08D0786800F08F
:1059300080F904E000BF02E000BF00E000BFE837EC
:10594000BD4680BD80B483B000AF786000BF0C3727
:10595000BD465DF8047B704780B483B000AF7860CB
:1059600000BF0C37BD465DF8047B704780B483B040
:1059700000AF78600B467B8000BF0C37BD465DF8FA
:10598000047B704780B586B000AFF860B9603B60BB
:105990001346FB713BE03B6AB3F1FF3F37D0FDF7A5
:1059A0009DFA02463B68D31A3A6A9A4202D33B6A8E
:1059B000002B01D103233AE0FB681B68DB6803F08E
:1059C0000403002B23D0BB68802B20D0BB68402B66
:1059D0001DD0FB681B681B6803F00803082B16D159
:1059E00000237B61FB681B681B687B61FB681B688D
:1059F0005B687B617B69F86800F057F8FB680822F8
:105A00005A64FB68002283F8402001230FE0FB6802
:105A10001B681A68BB681340BA689A420CBF01231E
:105A20000023DBB21A46FB799A42B4D00023184611
:105A30001837BD4680BD80B485B000AFF860B9604E
:105A40001346FB80FB68BA689A62FB68FA889A85FD
:105A5000FB68FA88DA85FB6800225A64FB68222218
:105A600083F84220FB681B69002B07D0FB681B688A
:105A7000DA68FB681B6842F48072DA60FB681B68B6
:105A80005A69FB681B6842F001025A61FB681B6897
:105A9000DA68FB681B6842F02002DA6000231846CF
:105AA0001437BD465DF8047B704780B495B000AFF5
:105AB00078607B681B680C337B637B6B53E8003F2B
:105AC0003B633B6B23F49073FB647B681B680C3374
:105AD000FA6C3A64FB63F96B3A6C41E80023BB63F0
:105AE000BB6B002BE5D17B681B6814333B623B6AC0
:105AF00053E8003FFB61FB6923F00103BB647B6853
:105B00001B681433BA6CFA62BB62B96AFA6A41E87C
:105B100000237B627B6A002BE5D17B681B6B012B2A
:105B200019D17B681B680C33FB60FB6853E8003FAE
:105B3000BB60BB6823F010037B647B681B680C337D
:105B40007A6CBA617B617969BA6941E800233B618B
:105B50003B69002BE5D17B68202283F842207B68DB
:105B600000221A6300BF5437BD465DF8047B7047BE
:105B700080B584B000AF78607B689B6BFB60FB688E
:105B80000022DA85F868FFF7E7FE00BF1037BD4650
:105B900080BD80B485B000AF78607B6893F84130F9
:105BA000DBB2212B3ED17B689B68B3F5805F14D1BB
:105BB0007B681B69002B10D17B681B6AFB60FB684C
:105BC0001B881A467B681B68C2F308025A607B6810
:105BD0001B6A9A1C7B681A6208E07B681B6A591C66
:105BE0007A6811621A787B681B685A607B68DB8C64
:105BF0009BB2013B9BB27A681946D184002B0FD12E
:105C00007B681B68DA687B681B6822F08002DA60B8
:105C10007B681B68DA687B681B6842F04002DA60C8
:105C2000002300E0022318461437BD465DF8047BCC
:105C3000704780B582B000AF78607B681B68DA6817
:105C40007B681B6822F04002DA607B68202283F8C0
:105C500041207868FFF776FE002318460837BD46D6
:105C600080BD80B58CB000AF78600023FB6200235C
:105C7000BB627B6893F84230DBB2222B40F0AA80F3
:105C80007B689B68B3F5805F15D17B681B69002B2F
:105C900011D17B689B6ABB627B681B685B689BB2A7
:105CA000C3F308039AB2BB6A1A807B689B6A9A1C8A
:105CB0007B689A6224E07B689B6AFB627B689B68D6
:105CC000B3F5805F07D07B689B68002B0AD17B68A7
:105CD0001B69002B06D17B681B685B68DAB2FB6A24
:105CE0001A7008E07B681B685B68DBB203F07F0317
:105CF000DAB2FB6A1A707B689B6A5A1C7B689A62EC
:105D00007B68DB8D9BB2013B9BB27A681946D185DB
:105D1000002B5DD17B681B68DA687B681B6822F00A
:105D20002002DA607B681B68DA687B681B6822F4F3
:105D30008072DA607B681B685A697B681B6822F096
:105D400001025A617B68202283F842207B6800228E
:105D50005A637B681B6B012B35D17B6800221A6369
:105D60007B681B680C337B617B6953E8003F3B61B8
:105D70003B6923F010037B627B681B680C337A6AF3
:105D80003A62FB61F9693A6A41E80023BB61BB6989
:105D9000002BE5D17B681B681B6803F01003102BF8
:105DA0000AD10023FB607B681B681B68FB607B6873
:105DB0001B685B68FB60FB687B689B8D1946786895
:105DC000FFF7D4FD02E07868FCF7E2F8002302E078
:105DD000002300E0022318463037BD4680BD000096
:105DE0002DE9B04FC0B000AFC7F8F400D7F8F430D9
:105DF0001B681B6923F44050D7F8F430D968D7F8F2
:105E0000F4301A6840EA01031361D7F8F4309A6855
:105E1000D7F8F4301B691A43D7F8F4305B691A439A
:105E2000D7F8F430DB691343C7F8F830D7F8F4300B
:105E30001B68DB6823F4164121F00C01D7F8F4301D
:105E40001A68D7F8F8300B43D360D7F8F4301B68E2
:105E50005B6923F44070D7F8F4309969D7F8F430CF
:105E60001A6840EA01035361D7F8F4301A688F4B7F
:105E70009A4205D0D7F8F4301A688D4B9A4204D173
:105E8000FDF7E2FFC7F8FC0003E0FDF7C9FFC7F824
:105E9000FC00D7F8F430DB69B3F5004F40F00C811B
:105EA000D7F8FC300022C7F8E830C7F8EC20D7E973
:105EB0003A4522462B469118B9655B41FB65D7E907
:105EC0001623214612EB0108294643EB01094FF046
:105ED00000024FF000034FEAC90343EA58734FEA48
:105EE000C80290469946234618EB0303C7F8E030F2
:105EF0002B4649EB0303C7F8E430D7F8F4305B686E
:105F00000022C7F8D830C7F8DC20D7E936120B4694
:105F1000DB183B65134642EB03037B65D7E914238B
:105F2000D7E93801FAF7B8FE02460B46614BA3FBEE
:105F300002235B091C01D7F8FC300022C7F8D030DF
:105F4000C7F8D420D7E9348942464B469118B96442
:105F50005B41FB64D7E91223414612EB010A494633
:105F600043EB010B4FF000024FF000034FEACB036D
:105F700043EA5A734FEACA0292469B4643461AEBDB
:105F80000303C7F8C8304B464BEB0303C7F8CC30CC
:105F9000D7F8F4305B680022C7F8C030C7F8C420D7
:105FA000D7E930120B46DB183B64134642EB030380
:105FB0007B64D7E91023D7E93201FAF76DFE024678
:105FC0000B4611463B4BA3FB01235B09642202FBFA
:105FD00003F3CB1ADB0003F13202364BA3FB02239F
:105FE0005B095B0003F4F8731C44D7F8FC30002213
:105FF000C7F8B830C7F8BC20D7E92E8942464B46CF
:106000009118B9635B41FB63D7E90E2341465118F0
:10601000396349464B417B634FF000024FF0000368
:10602000D7E90CAB5946CB00514643EA5173514670
:10603000CA0010461946034642469B18C7F8B030BE
:106040004B460A4642EB0303C7F8B430D7F8F430A6
:106050005B680022C7F8A830C7F8AC20D7E92A123D
:106060000B46DB18BB62134642EB0303FB62D7E926
:106070000A23D7E92C01FAF70FFE02460B460D4B17
:10608000A3FB02135B09642101FB03F3D31ADB00BA
:106090003233084AA2FB03235B0903F00702D7F857
:1060A000F4301B6822449A6006E100BF00100140F2
:1060B000001401401F85EB51D7F8FC300022C7F8CF
:1060C000A030C7F8A420D7E9288942464B4691184A
:1060D00039625B417B62D7E908234146541849463F
:1060E00043EB01054FF000024FF00003EB0043EAE1
:1060F0005473E20014461D464346E318C7F898302F
:106100004B4645EB0303C7F89C30D7F8F4305B6887
:106110000022C7F89030C7F894204FF000024FF0EB
:106120000003D7E9244529468B00214643EA9173B1
:1061300021468A00D7E92601FAF7AEFD02460B4652
:10614000604BA3FB02235B091C01D7F8FC30002243
:10615000C7F88830C7F88C20D7E9228942464B46D9
:106160009118B9615B41FB61D7E90623414651189B
:10617000396149464B417B614FF000024FF000030B
:10618000D7E904AB5946CB00514643EA5173514617
:10619000CA0010461946034642469B18C7F880308D
:1061A0004B460A4642EB0303C7F88430D7F8F43075
:1061B0005B680022BB67FA674FF000024FF00003F4
:1061C000D7E91E8949468B00414643EA917341460F
:1061D0008A00D7E92001FAF75FFD02460B46114617
:1061E000384BA3FB01235B09642202FB03F3CB1AA8
:1061F0001B013233334AA2FB03235B0903F0F00394
:106200001C44D7F8FC3000223B677A67D7E91C8929
:1062100042464B469118B9605B41FB60D7E90223C7
:1062200041465118396049464B417B604FF00002AE
:106230004FF00003D7E900AB5946CB00514643EA83
:1062400051735146CA0010461946034642469B18F0
:10625000BB664B460A4642EB0303FB66D7F8F430B5
:106260005B6800223B667A664FF000024FF0000345
:10627000D7E9188949468B00414643EA9173414664
:106280008A00D7E91A01FAF707FD02460B460D4BC3
:10629000A3FB02135B09642101FB03F3D31A1B0167
:1062A0003233084AA2FB03235B0903F00F02D7F83D
:1062B000F4301B6822449A6000BF07F58077BD4622
:1062C000BDE8B08F1F85EB51F8B52DED028B57EC73
:1062D000106B55EC114B00F025F822462B4630464A
:1062E0003946B0EE408AF0EE608AFAF727FC90B9A2
:1062F0000022002320462946FAF7EEFB58B101F0B0
:1063000087FF212303600022002310461946FAF775
:10631000A5FA41EC180BB0EE480AF0EE680ABDECA5
:10632000028BF8BD53EC112B23F0004C2DE9F04704
:1063300052EA0C0451EC100B1E46174696460CD040
:10634000774C21F00048A045894606D85442754D47
:1063500014434CEAD474AC4209D9FAF755F9024611
:106360000B46FAF77BFA41EC100BBDE8F087E045ED
:106370008246044601F0004509DCF4DB8242F2D893
:1063800005D1694B03EB1573D3E90001EBE7654ACF
:1063900019EA020F48D1B8F1000F3DD163495346C5
:1063A000002B36DC16424FD1BCF1000F44D15F4ABE
:1063B0003B46002B3DDC5E4881424ADBC9F31303B8
:1063C00043F480135A48824257DBC6F3130646F45F
:1063D0008016891A981BA4EB0E07002962D1744518
:1063E00038BF00F1FF300028A4BF3C46034653EA03
:1063F0000401C6D0B3F5801F69DB4D498A426CDBCE
:10640000A3F580132B4302F2FF3243EA02512046E8
:10641000A9E701395B00C3E745494FEAC823002BD0
:10642000C0DD01395B00FAE74FEA2851A1F2FF31E4
:10643000B8E7013A5B00BCE73D4A4FEACC23002BAA
:10644000B9DD013A5B00FAE74FEA2C52A2F2FF32C3
:10645000B1E7401A1F280ADC01F21E4308FA00F8CF
:106460002AFA03F343EA08030AFA00F4AAE7314BD5
:106470005B1A0AFA03F30024A4E7801A1F280ADC37
:1064800002F21E460CFA00FC27FA06F646EA0C0653
:1064900007FA00FE9DE7274EB61A07FA06F64FF0F8
:1064A000000E96E7744538BF00F1FF30002805DA8A
:1064B000E00F00EB4303640001398BE750EA070368
:1064C0003FF45FAFFB0F03EB40037C00F4E7E10F09
:1064D00001EB43036400013A8CE7891A14290ADCB2
:1064E00002F21E4203FA02F2CC4022430B4143EA7D
:1064F0000501104637E71F2907DC02F21E42CC4097
:1065000003FA02F222432B46F1E7C2F17F4202F581
:106510007F0202F57B42E23243FA02F2F3E700BF68
:10652000FFFFEF7F0000F07FC8AD0008EDFBFFFF2D
:1065300002FCFFFFE2FBFFFF002100F00BBE70B585
:1065400004460D4645EC104B164603F0D5FC51ECC5
:10655000100B7EB1C5F30A53C3F16B03002B09DDA9
:106560001B0503F17F55002405F5401522462B46F7
:10657000FAF74AF841EC100B70BD00000000000073
:106580002DE9F04F9FB00C46179200221A92059009
:106590004FF0000A4FF0000B0A46199211782B2990
:1065A0004AD038D80D2932D8082932D800293BD012
:1065B00000220B92199D2A78302A40F0B3806A7825
:1065C00002F0DF02582A6ED102930B9B01931AABA3
:1065D00000938E4A05981BAB19A902F07FFD10F0BD
:1065E0000F06044605D0062E28D101350023199543
:1065F0000B93179B002B40F08E850B9BCBB1524623
:106600000BF1004343EC102B1FB0BDE8F08F2029A5
:10661000CED10132C1E72D29CAD101210B91511CE4
:1066200019915278002AC5D1179B1994002B40F07C
:10663000708552465B46E5E70021EFE71A9A3AB1CA
:1066400035211CA803F052FD1A99059803F020F992
:10665000013E1B9A042E06D8DFE806F014031D2025
:106660001400DDE91CABE10548BF4BF0004B2BF0FB
:1066700000431B0D1B05002BBBD101F0C9FD2223DC
:106680000360B6E7DDE91CA302F2334223F4801372
:1066900043EA025BE7E7DFF87CB1E4E76FF0004B29
:1066A0004FF0FF3ADFE7199B5A1C19925B78302BA9
:1066B000F9D0002B9DD001230993199B0C93002343
:1066C00008930A931F460A2219980578A5F130030A
:1066D000D9B2092928D94E49012201F0E0FC00284D
:1066E00032D000202A4681463D460346652A01D025
:1066F000452A14D11DB9099A024395D00025199C49
:10670000621C199262782B2A77D02D2A7BD04FF009
:10671000000CA2F13001092940F2828019944FF057
:106720000008A2E00023C7E7082FD5BF0A990899FF
:1067300002FB013302FB013300F10100D4BF0A93D5
:10674000089301371990BFE7199B5A1C19925A7880
:106750007FB381463D46A2F13003092B12D90123B4
:10676000C4E7199B5A1C19925A780130302AF8D084
:10677000A2F13103082B00F2D384199B0C938146BC
:1067800000200546303A00F101032AD0994400EB7D
:10679000050C2B460A2163450DD1691C0144284490
:1067A000082816DC0A980A2303FB00230A93002317
:1067B00018E03846DAE7082B03F1010303DC0A9EF0
:1067C0004E430A96E7E7102BDEBF089E4E4308961D
:1067D000E1E70F28EBDC08980A2303FB002308936A
:1067E000E5E72946199A501C1990527818460D462B
:1067F000B1E74FF0000901237DE74FF0000CA21C28
:106800001992A27885E74FF0010CF8E7F0AD000887
:10681000D8AD00080000F07F199A511C19915278E8
:10682000302AF9D0A2F1310108293FF678AF303A89
:106830000E92199A0F924FF00A08199A561C19963F
:106840005278A2F1300EBEF1090F39D90F99761A9C
:10685000082E44F61F6803DC0E998845A8BF8846B9
:10686000BCF1000F01D0C8F10008002D4ED10999EC
:1068700008437FF4BEAE002B7FF4D6AE692A28D041
:1068800025DC492A25D04E2A7FF4CEAE9B4919A893
:1068900002F046FE00283FF4C7AE199B1B78282B58
:1068A0002ED197491CAA19A802F04EFE052827D11F
:1068B0001D9BDDF870A043F0FF4B4BF4E00B98E616
:1068C0000E9908FB0121A1F130020E92B5E76E2A64
:1068D000DAE78C4919A802F023FE00283FF4A4AEA1
:1068E000199B8949013B19A8199302F019FE10B9A7
:1068F000199B01331993DFF820B24FF0000A78E6B4
:10690000824801F0C1FC5BEC10AB72E6A8EB090316
:106910000A980993002F08BF2F46102D2C46A8BFB8
:106920001024F9F7F7FD092D82468B4613DC099BED
:10693000002B3FF45EAE099B78DD162B5FDC7449BB
:1069400001EBC301D1E9000152465B46F9F75CFE59
:1069500082468B464DE66E4B03EBC40353E912238C
:10696000F9F752FE824608988B46F9F7D3FD0246A6
:106970000B4650465946F9F791FC0F2D82468B463F
:10698000D5DD099B2C1B1C44002C40F3968014F091
:106990000F030AD05E4901EBC30152465B46D1E9C1
:1069A0000001F9F731FE82468B4634F00F0473D0B4
:1069B000B4F59A7F48DD0024A0460A94A146059AC2
:1069C000DFF854B1222313604FF0000A0A9B002B1A
:1069D0003FF40FAE1A99059802F05AFF0598494600
:1069E00002F056FF0598414602F052FF0A990598B9
:1069F00002F04EFF0598214602F04AFFF9E5099A98
:106A0000C5F125039342BCDB414CC5F10F0504EBF6
:106A1000C50152465B46D1E90001F9F7F5FD099B36
:106A20005D1B04EBC504D4E900238FE71633A8DB14
:106A3000374BA9EB080803EBC808D8E900235046F8
:106A40005946F9F70BFF83E7324B089300232411D3
:106A5000504659461E46012C21DC0BB182468B461E
:106A60002C49ABF1547B01EBC60152465B46D1E9A0
:106A70000001F9F7C9FD284B0A460B4027498B4214
:106A8000824698D8A1F580118B4286BFDFF890B07E
:106A90004FF0FF3A02F1547B002308937AE0E207BB
:106AA00005D5089BD3E90023F9F7AEFD0123089A29
:106AB0000832013664100892CDE7EDD0644214F03C
:106AC0000F020AD0124B03EBC20350465946D3E9DA
:106AD0000023F9F7C3FE82468B462411DCD01F2C1D
:106AE00020DD0024A0460A94A146059A22234FF0F7
:106AF000000A4FF0000B136068E700BF3DAE0008CE
:106B0000DCAD000835AE000821AF00081DAF00085D
:106B100088B0000860B000080000F07F0000A07C92
:106B2000FFFFEF7F14F0100318BF6A23A94E0893EC
:106B3000504659460023E20704D5D6E90023F9F769
:106B400063FD0123641006F10806F4D10BB18246FF
:106B50008B46089BB3B1CBF30A52C2F16B03002BF7
:106B600059460FDD1F2B55DD342BDEBF4FF0FF33B1
:106B7000C2F14B0293404FF0000ACCBF4FF05C7B58
:106B800003EA010B0022002350465946F9F7A4FFFF
:106B90000028A6D10A9B00930C9905982B463A46EB
:106BA00002F0DEFE0A9000283FF405AF099A002AA1
:106BB000A9EB0803A8BF00231293002422EAE27382
:106BC0001693A0460A9B0598596802F021FE81465B
:106BD00000283FF4F4AE0A9B1A69023203F10C015B
:106BE00092000C3001F041FB4BEC10AB05981CAA55
:106BF0001BA9CDE90CAB03F0EFF91A9000283FF484
:106C0000DEAE0598012102F041FF804648B94FF001
:106C10000008D4E64FF0FF3202FA03F303EA0A0A4F
:106C2000B0E71B9D1C9A002DABBF129B169B169EB6
:106C3000129FACBFEF185E1B089BED1A1544664B04
:106C4000013D9D42C2F1360250DA5B1B1F2BA2EBC5
:106C500003024FF001013DDC01FA03F3139300231B
:106C60001093BD18089BAF4216441E443B46A8BF74
:106C70002B46B342A8BF3346002BC2BFED1AF61A0B
:106C8000FF1A129B002B16DD414605981A4602F0AA
:106C9000BDFF80460028BAD001461A9A059802F036
:106CA0000BFF0E9000283FF48AAE1A99059802F067
:106CB000EFFD0E9B1A93002D1DDC099B002B23DD9D
:106CC0004946169A059802F0A1FF8146E0B94FF0B7
:106CD000000974E6C5F17F4505F57F0505F57B459F
:106CE000E23501FA05F310931391BAE700231093EC
:106CF00001231393B5E71A9905982A4602F0E0FF9D
:106D00001A900028D9D15AE6002E07DD4946059889
:106D1000324602F0D5FF81460028D8D0002F08DD8A
:106D2000414605983A4602F0CBFF804600283FF4E2
:106D300046AE1A9905984A4603F04AF804460028D8
:106D40003FF43DAEC3680F930023C360414603F098
:106D500023F8002846DA0F9B53EA0A036CD1CBF3E1
:106D60001303002B68D12BF000431B0D1B05B3F15F
:106D7000D66F61D9636913B92369012B5CDD2146A4
:106D80000122059802F09CFF4146044603F004F8F6
:106D9000002851DD2BF00043089A1B0D1B05002A2B
:106DA0006BD0B3F1D66F68D8B3F15C7F7FF69DAE40
:106DB0000A4B504659460022F9F726FC084B0B4077
:106DC00082468B46002B7FF405AE059A2223136082
:106DD00000E600BF08AE000802FCFFFF00005039CB
:106DE0000000F07FCDF838B065D10F9ACBF31303D4
:106DF0005AB39F4A93422BD1089B514603B39D4BF4
:106E00005A461340B3F1D46F4FF0FF321BD81B0D1D
:106E1000C3F16B0302FA03F3994219D1964B0E9A10
:106E20009A4202D101313FF4CAAD924B0E9A1A40F8
:106E300002F5801B4FF0000A089B002BB8D1C9E572
:106E40004FF0FF33E8E71346E6E753EA0A03A1D021
:106E5000109BDBB10E9A1342EED00F9B089A50465E
:106E60005946BBB1FFF76BFBDDE90C0153EC102B6E
:106E7000F9F714FA82468B46DEE7A3F580136FEA32
:106E8000135B6FEA0B5B4FF0FF3AD5E7139B13EAF6
:106E90000A0FE1E7FFF753FBDDE90C0153EC102B80
:106EA000F9F7FAF90022002382468B46F9F714FE1F
:106EB0000028C1D019E64146204603F0E5F857EC1A
:106EC000106B00224FF0804330463946F9F718FE28
:106ED00000286FD00F9B002B7AD1BAF1000F58D148
:106EE0000E9BC3F31303002B5AD1644B0022304690
:106EF0003946F9F7FBFD002859D130463946604B39
:106F00000022F9F781FB06460F4607F1004306967B
:106F10000793DDE90623574DCDE910230E9B1D4055
:106F2000584B9D4240F0B2800E9BA3F1547B4BEC3A
:106F300010AB02F0E1FFDDE9062351EC100BF9F78D
:106F400063FB52465B46F9F7A9F90B4649494E4A9D
:106F500019409142824642D90D9A474B9A4203D139
:106F60000C9B01333FF42BADDFF80CB14FF0FF3A2F
:106F70001A99059802F08CFC0598494602F088FCA5
:106F80000598414602F084FC0598214602F080FCF9
:106F900018E6BAF1010F03D10E9B002B3FF4A5AD0B
:106FA0009FED2B7B354F8DED067B0026B1E7344FEF
:106FB0000026AAE7324B304639460022F9F724FB77
:106FC0000F9B06460F46002B9FD0CDE90667A0E732
:106FD0009FED217B8DED067B57EC176B99E703F155
:106FE000547B089BCDF838B0002BC1D12BF0004367
:106FF0001B0D1B059D42BBD130463946F9F764FE97
:10700000F9F7D4FA02460B4630463946F9F744F907
:107010000B460246CDE90C23CBF313060F9B46EA41
:107020000A061E436FD00EA3D3E90023F9F75EFDD5
:1070300000287FF4CFAC0CA3D3E90023DDE90C01D9
:10704000F9F772FD002893D0C4E400BFAFF30080CD
:10705000000000000000F0BF000000000000F03F52
:107060009535A094FFFFDF3F35E5AF350000E03FE9
:10707000FFFF0F000000F07FFFFFEF7F0000F03FF9
:107080000000E03F0000E07FFFFF9F7C089B23B3F0
:10709000B5F1D46F21D828A3D3E90023304639466F
:1070A000F9F72EFDA0B139463046F9F785FD0128E4
:1070B00038BF0120F9F72EFA0F9B06460F46FBB9A1
:1070C00001F1004314901593DDE91423CDE9102359
:1070D000119B03F1D6635B1B11939DED0C0BDDE956
:1070E00010AB02F009FF504653EC102B5946F9F74C
:1070F0008BFADDE90C23F9F7D1F882468B4670E76D
:10710000CDE91467E0E70EA3D3E90023F9F7EEFC1D
:1071100098E700230B93179A199B1360FFF76DBA3A
:10712000652A3FF466AB452A3FF463AB0123FFF7C2
:107130009EBB00BFAFF300800000C0FFFFFFDF4138
:107140009535A094FFFFCF3F014BFFF719BA00BF61
:10715000180000200A4601460248034B0068FFF76A
:107160000FBA00BF84010020180000202DE9FF475E
:1071700057EC106B002F0C4619463B46BBBF07F17E
:1071800000431F4600232D230B700D9BDDF830A01C
:10719000914623F02008BCBF32461646B8F1460F90
:1071A00005D0B8F1450F00D10134022100E00321E0
:1071B00003AB019302AB009347EC106B534622469E
:1071C00001F016F9B8F1470F054619D119F0010F72
:1071D0000ED000EB04090022002330463946F9F7AF
:1071E0007BFC08B1CDF80C903022039B4B451ED39D
:1071F000039B0E9A5B1B2846136004B0BDE8F08722
:10720000B8F1460F00EB0409E5D10378302B0AD121
:107210000022002330463946F9F75EFC18B9C4F164
:107220000104CAF80040DAF800309944D3E7591C49
:1072300003911A70D9E7F7B50029BABF49422D2347
:107240002B2309290270437029DD0DF107031D4628
:107250000A271A46B1FBF7F607FB1614303402F87A
:10726000014C0C46632C03F1FF333146F1DC303125
:10727000941E03F8011C411C2346AB420AD30DF1B6
:1072800009039B1AAC4288BF002302330344181A37
:1072900003B0F0BD13F8016B01F8016FEDE7302387
:1072A00030318370C170031DF1E700002DE9F04F0C
:1072B0008DB00C46DDF8588016461F46054600F096
:1072C0005DFF036804931846F8F7DAFF00230A937A
:1072D000D8F800300590073323F0070303F10802C4
:1072E00094F818A0D4F800B0C8F80020D3E90089B9
:1072F00029F000430793CDF81880C4E91289DDE92D
:1073000006019C4B4FF0FF32F9F718FC70BBDDE92A
:107310000601984B4FF0FF32F9F7F2FB30BB002229
:10732000002340464946F9F7E1FB10B12D2384F8CC
:107330004330914A914BBAF1470F94BF904698461B
:10734000032323612BF0040323604FF0000900970F
:1073500033460BAA2146284600F0D2F9013040F00E
:107360008D804FF0FF300DB0BDE8F08F42464B46A8
:1073700040464946F9F7E2FB40B14B46002BBCBF03
:107380002D2384F843307E4A7E4BD4E763680AF0AD
:10739000DF0206925A1C3BD1062363604BF48062E5
:1073A0000023226003930AABCDE901A309AB00934C
:1073B000616849EC108B0DF123032846FFF7D6FED8
:1073C000069B0999472B804629D1C81C02DB6368BC
:1073D000994241DDAAF1020A5FFA8AFA013952465E
:1073E00004F150000991FFF726FF0A9A1318012AA9
:1073F0008146236102DC2268D20701D50133236173
:107400009DF82330002BA2D02D2384F843309EE733
:10741000069A472AC2D1002BC0D10123BDE7BAF199
:10742000650FDBD9BAF1660F18D1002963680BDD4F
:10743000216113B92268D00702D501330B442361BF
:10744000A1654FF00009DBE713B92268D20701D527
:107450000233F4E70123F2E74FF0670A0A9B9942EF
:1074600005DB23682161D807EAD54B1CE7E7002933
:10747000D4BFC1F1020201221344E0E723685A0598
:1074800007D42369424631462846B84701302BD1FC
:1074900067E7BAF1650F40F2DD80D4E912010022FE
:1074A0000023F9F719FB002833D0374A012331466E
:1074B0002846B84701303FF454AFDDE90938434569
:1074C00002DB2368D8070FD5DDE9042331462846BF
:1074D000B84701303FF445AF4FF0000908F1FF38DD
:1074E00004F11A0AC84509DC23689B0700F10381EF
:1074F000E0680B9B9842B8BF184634E70123524618
:1075000031462846B84701303FF42BAF09F1010955
:10751000E8E7099B002B39DC1B4A0123314628464A
:10752000B84701303FF41DAFDDE9093959EA0303DB
:1075300002D12368D907D7D5DDE90423314628468F
:10754000B84701303FF40DAF4FF0000A04F11A0BB9
:10755000099B5B42534501DC4B4693E701235A46A6
:1075600031462846B84701303FF4FBAE0AF1010A24
:10757000EEE700BFFFFFEF7F30AE000834AE00083B
:1075800038AE00083CAE000840AE0008A36DDDF840
:1075900028A05345A8BF5346002B994636DC4FF030
:1075A000000B29EAE97904F11A02A36D0693A3EB13
:1075B00009035B4531DC099B9A453ADC2368DA070D
:1075C00037D4099BAAEB0309069BAAEB0303994551
:1075D000A8BF9946B9F1000F33DC4FF0000829EA43
:1075E000E97904F11A0B099BAAEB0303A3EB090346
:1075F00043457FF779AF01235A4631462846B847BD
:1076000001303FF4AEAE08F10108ECE742463146E6
:107610002846B8470130C2D1A3E6012331462846A7
:107620000692B84701303FF49CAE069A0BF1010B6D
:10763000BBE7DDE9042331462846B8470130C0D115
:107640008FE6069A4B46424431462846B8470130F9
:10765000C3D186E6DDF828A0BAF1010F01DCDB0713
:1076600036D50123424631462846B84701303FF41B
:1076700078AEDDE9042331462846B84701303FF4AF
:1076800070AED4E91201002200230AF1FF3AF9F7A3
:1076900023FAC0B9534608F1010231462846B847DB
:1076A00001300CD15DE601235A4631462846B847E1
:1076B00001303FF456AE08F10108D045F3DB4B46EC
:1076C00004F15002DFE64FF0000804F11A0BF4E772
:1076D00001234246E1E701234A4631462846B8479E
:1076E00001303FF43EAE08F10108E3680B995B1AE4
:1076F0004345F0DCFCE64FF0000804F11909F4E71B
:107700002DE9F047164698468A680B69DDF8209007
:107710009342B8BF1346336091F8432007460C46A6
:107720000AB1013333602368990642BF33680233DC
:107730003360256815F0060506D104F1190AE368DF
:1077400032689B1AAB4226DC94F843302268003B37
:1077500018BF012392062BD404F143024146384658
:10776000C84701301ED02368226903F00603042BAA
:1077700002BFE5683368ED1AA3680CBF25EAE5751A
:1077800000259342C4BF9B1AED1800261A34B54257
:107790001AD1002008E00123524641463846C84726
:1077A000013003D14FF0FF30BDE8F0870135C6E767
:1077B000E1185A1C302081F84300224494F8451007
:1077C00082F843100233C7E7012322464146384678
:1077D000C8470130E6D00136D9E700002DE9FF4760
:1077E0000F7E0C9E782F914680460C469A4601F1FA
:1077F000430207D8622F0AD8002F00F0D280582FFA
:1078000000F0B98004F1420684F842703AE0A7F132
:107810006303152BF6D801A151F823F07578000801
:1078200089780008057800080578000805780008C0
:1078300005780008897800080578000805780008B0
:10784000057800080578000889790008B3780008F1
:10785000437900080578000805780008AB7900082E
:1078600005780008B3780008057800080578000856
:107870004B79000833681A1D1B68326004F1420618
:1078800084F8423001239DE033682068191D31607F
:10789000060601D51D6803E04506FBD5B3F9005087
:1078A000002D03DA2D236D4284F8433059480A2312
:1078B00011E021683368080653F8045B02D44906D6
:1078C00048BFADB26F2F5348336014BF0A2308235B
:1078D000002184F843106668A660002EA2BF2168CC
:1078E00021F0040121600DB9002E4BD01646B5FBE6
:1078F000F3F103FB1157C75D06F8017D2F46BB422C
:107900000D46F4D9082B0BD12368DF0708D523696E
:1079100061689942DEBF302306F8013C06F1FF366C
:10792000921B2261CDF800A04B4603AA2146404697
:10793000FFF7E6FE01304AD14FF0FF3004B0BDE85A
:10794000F087236843F0200323603348782784F8C6
:107950004570236831681F0651F8045B02D45F0646
:1079600048BFADB23160D90744BF43F02003236064
:107970001DB11023ACE72748E9E7236823F0200373
:107980002360F6E71646BDE7336825686169181D70
:1079900030602E061B6801D5196002E06806FBD531
:1079A0001980002323611646BCE733681A1D326034
:1079B0001E68626800213046F8F712FC08B1801B8F
:1079C000606063682361002384F84330AAE7236979
:1079D000324649464046D0470130ADD023689B0728
:1079E00013D4E068039B9842B8BF1846A6E701236A
:1079F000324649464046D04701309DD00135E368C4
:107A000003995B1AAB42F2DCEBE7002504F119069F
:107A1000F5E700BF42AE000853AE00082DE9F04F75
:107A200087B0174603938B685A1EB2F5AE7F81BFAD
:107A30006FF4AE7503EB050B40F25D138B600B68C2
:107A40000A464FF0000543F4F06342F81C3BCDE9D1
:107A5000045580460C4698BF4FF0000B0192164625
:107A6000AA46A9460295A26852B13B681B784E2BE4
:107A700064D8402B3CD8A3F12B01C8B20E283AD9C8
:107A8000B9F1000F03D0236823F4807323600AF157
:107A9000FF3ABAF1010F00F21781019B9E4200F2FA
:107AA0000881012007B0BDE8F08FA3F161020D2A23
:107AB000E6D801A151F822F0FF7B0008817A000886
:107AC000817A0008817A00085F7C0008377C000812
:107AD000817A0008817A00080D7C0008817A00080C
:107AE000817A0008817A0008817A0008C57B000845
:107AF000A3F14102DBE70E29C2D801A050F821F022
:107B0000B57B0008817A0008B57B00084B7C000833
:107B1000817A00085D7B00089B7B00089B7B000846
:107B20009B7B00089B7B00089B7B00089B7B0008DD
:107B30009B7B00089B7B00089B7B00086E2B09D871
:107B4000602BB2D8542B7BD0592B99D1072D97D1CC
:107B500008252CE0742B73D0792BF6E72168C80533
:107B60001BD521F08001216009F10109BBF1000F53
:107B700003D001320BF1FF3BA260A368013BA3607D
:107B80002369013323617B68013B002B7B6040F359
:107B900087803B6801333B6065E71AEB05017FF4A2
:107BA0006FAF226822F4C07222600D468A4606F842
:107BB000013BE2E7226810067FF562AF22F0800207
:107BC0002260F4E7BAF1000F0ED1B9F1000F0ED127
:107BD000226802F4E061B1F5E06F08D122F4F062AE
:107BE00022604FF0010AE2E7BAF1020F55D0012DF1
:107BF00002D0042D7FF444AF0135EDB2D7E7BAF1DE
:107C0000010F7FF43DAF4FF0020AD0E77DB9B9F123
:107C1000000F7FF438AF226802F4E061B1F5E06F45
:107C200040F0088122F4F06222600125BFE7032DB5
:107C3000E2D0052DDEE7022D7FF422AF0325B6E763
:107C4000062D7FF41DAF0725B1E7226891057FF56A
:107C500017AF22F420722260CDF80890A7E72268BF
:107C600002F4A061B1F5806F06D050057FF508AF32
:107C7000B9F1000F00F0DE80910558BF029922F49F
:107C8000F06258BFA9EB010142F4C07258BFCDE9C0
:107C9000041622604FF0000989E74FF0030A86E7D7
:107CA000D4F8803139464046984700283FF4DBAE8F
:107CB000E6E6D4F87C3116F8011D3A46404698476E
:107CC0002369013B2361E8E66B1E062B24D8022DB5
:107CD00036D8019B9E427FF6E4AED4F87C3116F88C
:107CE000011D3A46404698472369013B2361F0E76E
:107CF000D4F87C311BF8011D3A4640469847236969
:107D0000013B23610AF1FF3A5FFA8AFABAF1020FE6
:107D1000EED1033DEDB2761B2368DA0530D55B0565
:107D200011D5019B9E427FF6BCAED4F87C3116F88B
:107D3000011D3A46404698472369013B2361F0E71D
:107D4000AA46B346DEE716F8011C2369652903F14C
:107D5000FF3306F1FF3523610CD045290AD0D4F852
:107D60007C313A4640469847236916F8021C013B8D
:107D7000B51E2361D4F87C313A46404698472E46DA
:107D8000226812F0100201D000208BE632702368C6
:107D900003F4C063B3F5806F1CD1029B4B45A3EB8A
:107DA000090223D1019900224046FFF7CDF9039B38
:107DB00021681B6811F0020F57EC106B03F10402ED
:107DC0001FD003990A601B68C3E90067E3680133A9
:107DD000E360D9E7049B002BE4D005990A23013125
:107DE000404602F041FA049B059EC21A04F26F134A
:107DF0009E4228BF04F5B7761049304600F0E4F8FB
:107E0000D0E711F0040F03990A60DCD11D683246F7
:107E10003B4630463946F8F791FE28B1084800F055
:107E20003BFA85ED000AD1E730463946F8F7E4FE23
:107E30002860CBE74FF0000929E600BF64AE0008D8
:107E40001DAF0008002310B50446C0E90033C0E9A7
:107E50000433836081814366C281836119460822AD
:107E60005C3000F014F90D4B63620D4BA3620D4BB7
:107E7000E3620D4B23630D4B24629C4206D003F159
:107E80006802944202D0D0339C4205D104F15800DC
:107E9000BDE8104000F0E6B910BD00BF0980000841
:107EA0002B8000086380000887800008740400208D
:107EB000024A0349034800F069B800BF0C000020E3
:107EC0003DA600088801002041680C4B994210B57E
:107ED000044601D002F0B2FBA168094B994202D0DE
:107EE000204602F0ABFBE168064B994204D02046E5
:107EF000BDE8104002F0A2BB10BD00BF740400201A
:107F0000DC0400204405002010B50B4B0B4C0C4A40
:107F10001A60204600220421FFF794FF04F1680054
:107F200001220921FFF78EFF04F1D0000222BDE8F3
:107F300010401221FFF786BFAC050020740400201A
:107F4000B17E0008014800F08EB900BFB5050020E1
:107F5000014800F089B900BFB505002010B50446FE
:107F6000FFF7F0FF236A1BB1BDE81040FFF7F0BF39
:107F7000044B2362044B1B68002BF5D1FFF7C4FFB1
:107F8000F2E700BFC97E0008AC0500202DE9F843E8
:107F90000746884614460026D4E90195B9F101093F
:107FA00005D52468002CF7D13046BDE8F883AB89AD
:107FB000012B07D9B5F90E30013303D029463846D5
:107FC000C04706436835E9E70EB400B59CB01DAB69
:107FD000029006906FF00041094807910491094909
:107FE00053F8042B05910068019302A902F0A6F949
:107FF000029B00221A701CB05DF804EB03B07047BE
:10800000840100200802FFFF10B50C46B1F90E10E4
:1080100000F0DAF80028ABBF636DA3891B1823F4C6
:108020008053ACBF6365A38110BD2DE9F0411F46AD
:108030008B89DB0505460C46164605D5B1F90E10B1
:108040000223002200F0AEF8A389B4F90E1023F445
:108050008053A38132463B462846BDE8F04100F0FC
:10806000C5B810B50C46B1F90E1000F09BF8431CD2
:10807000A38915BF606523F4805343F48053A38123
:1080800018BFA38110BDB1F90E1000F07BB80244F7
:108090000346934200D1704703F8011BF9E710B57E
:1080A0006AB10139841810F8012B11F8013F9A4286
:1080B00003D1A04201D0002AF5D1D01A10BD10463C
:1080C000FCE70000164B2DE9F0411F687C6C05466B
:1080D0000E46ECB9502001F0D3FA0246786420B97C
:1080E000104B11485B2100F0DDF8C0E90044C0E905
:1080F0000244C0E90444C0E90A44C0E90C44C0E9B0
:108100000E44C0E91044C0E912448461047744621B
:108110007A6C314628460123BDE8F04100F006B8EC
:108120008401002069AE000880AE0008F0B5044666
:1081300008B9146844B1204614F8015B0F4617F8DB
:10814000016B1EB965B91560002005E0B542F6D196
:10815000002BF0D114600370F0BD1C460CE015B983
:1081600014F8013B0E4616F8015BAB42F7D1002B29
:10817000F3D0002304F8013C1460EDE70048704799
:108180000801002038B5064D0023044608462B6040
:10819000FAF798FD431C02D12B6803B1236038BD68
:1081A000B005002038B5074D0446084611460022A8
:1081B0002A601A46FAF7ADFD431C02D12B6803B1C1
:1081C000236038BDB005002038B5074D0446084689
:1081D000114600222A601A46FAF73BFD431C02D1E1
:1081E0002B6803B1236038BDB005002038B5074DBA
:1081F00004460846114600222A601A46FAF746FD50
:10820000431C02D12B6803B1236038BDB0050020A8
:10821000014B1868704700BF8401002070B50D4DF8
:108220000D4C641BA4100026A64209D10B4D0C4C2A
:1082300002F056FD641BA4100026A64205D170BDB5
:1082400055F8043B98470136EEE755F8043B98474C
:108250000136F2E76CB200086CB200086CB200089C
:1082600074B200087047704770470A44914200F1A9
:10827000FF3300D1704710B511F8014B03F8014FDF
:108280009142F9D110BD00009FED010B704700BF76
:10829000000000000000F87F9FED010A704700BF5A
:1082A0000000C07F1FB514461A46094B1B680546DF
:1082B000D86854B9074B1C46CDE9013400912B46D0
:1082C000054902F0E3F902F01DFA044BF4E700BFA0
:1082D000840100201DAF0008EFAE0008E2AE0008E8
:1082E0002DE9F74F03690C69A34207467EDB013C89
:1082F00001F11408A30000F11405009305EB8403B9
:10830000019358F8243055F8242001339A4208EBA1
:108310008409B2FBF3F62ED34FF0000AC446AE46F2
:10832000D3465CF8043B98B206FB00A0020C1B0C81
:1083300006FB0323DEF8002080B292B2121A5A44E0
:10834000DEF800004FEA134A9BB2C3EB224303EB73
:10835000104392B242EA0342E1454EF8042B4FEA41
:10836000234BDED2009BEB582BB9019B043B9D4273
:108370001A462FD33C61384601F00EFD002825DB5C
:108380002946002058F8042BD1F800C01FFA82FEBD
:108390001FFA8CF3A3EB0E030344120CC2EB23422F
:1083A00002EB1C429BB243EA0243C14541F8043B45
:1083B0004FEA2240E6D255F8242005EB840322B987
:1083C000043B9D421A460BD33C610136304603B054
:1083D000BDE8F08F1268043B002ACBD1013CC6E710
:1083E0001268043B002AEFD1013CEAE70020EEE7E7
:1083F0002DE9F04FC76999B08DED020B55EC104B8C
:10840000229E099183460E9213937FB9102001F0AA
:1084100037F90246CBF81C0020B9A74BEF21A7483B
:10842000FFF740FFC0E901770760C760DBF81C3049
:10843000196859B15A684A60012393408B605846C5
:1084400001F026FADBF81C3000221A602B1EB9BF9F
:1084500023F00043039300233360039F984BBCBF7A
:1084600001223260BB4312D1139A42F20F731360A0
:10847000C7F31303234300F04D85239BDFF854A279
:10848000002B00F04F850AF1030300F049BD9DED7C
:10849000027B002251EC170B00238DED0C7BF8F7CB
:1084A0001BFB804658B1139A01231360239B13B121
:1084B000239A844B1360DFF820A200F033BD9DEDBA
:1084C0000C0B16AA17A9584601F086FDC7F30A56E9
:1084D0008146002E77D00D9BCDF85080C3F3130357
:1084E000DDE90C0143F07F5343F44013A6F2FF365D
:1084F00019460022744BF7F7CFFE69A3D3E9002396
:10850000F8F782F868A3D3E90023F7F7C7FE04461B
:1085100030460D46F8F70EF865A3D3E90023F8F7C7
:1085200073F802460B4620462946F7F7B7FE044685
:108530000D46F8F719FB002207460023204629467E
:10854000F8F7D4FA40B13846F7F7F4FF22462B4645
:10855000F8F7C2FA00B9013F162F51D85B4B03EB75
:10856000C703D3E90023DDE90C01F8F7BFFA0028BF
:1085700048D0013F00231293169B9B1B5A1E44BFF9
:10858000C3F101080023089254BF4FF0000808937C
:10859000002F39DB089B0F973B44089300230A9375
:1085A000099B092B64D8052BC4BF043B0993099B85
:1085B000A3F10203CCBF00240124032B63D8DFE81E
:1085C00003F02A373555DDE916631E4406F23243BF
:1085D000202BC1BFC3F140039F4006F2124324FA8F
:1085E00003F3D6BFC3F1200347EA030004FA03F004
:1085F000F7F790FF0122A1F1F873013E149277E79B
:108600000123B8E71290B7E77B420A930023A8EB57
:1086100007080F93C4E700230B930E9B002B35DC58
:108620000123009307931A460E920BE00123F3E710
:1086300000230B930E9BFB1800930133012B079330
:10864000B8BF0123DBF81C000021042202F114054D
:108650009D421FD94160584601F0DAF88246002851
:108660003CD11B4B024640F2AF11D8E60123E0E7B4
:108670000124002309930B944FF0FF3300930793D9
:1086800000221223D0E701230B93F5E70E9B009302
:108690000793D7E701315200D8E700BFAFF300805E
:1086A00061436F63A787D23FB3C8608B288AC63FF8
:1086B000FB799F501344D33F69AE00082BAF0008ED
:1086C0000000F07F41AE00080000F83F88B00008CD
:1086D00083AF000827AF000840AE0008DBF81C306D
:1086E0001860079B0E2B00F2A480002C00F0A180E4
:1086F000002F33DDAD4B07F00F0203EBC20393ED08
:10870000007BF8058DED047B4FEA271416D5A84BA6
:10871000DDE90C01D3E90823F8F7A0F8CDE902015F
:1087200004F00F040326A24D54B9DDE90423DDE96A
:108730000201F8F793F8CDE9020128E00226F2E7FA
:10874000E10708D5DDE90401D5E90023F7F75CFF6F
:10875000CDE90401013664100835E5E700F0D28068
:108760007C42924B924D04F00F0203EBC203D3E91B
:108770000023DDE90C01F7F747FFCDE902012411E1
:1087800000230226002C40F0B280002BD3D1129B94
:10879000DDE90245002B00F0B780864B0022204621
:1087A0002946F8F7A3F9002800F0AE80079B002BBC
:1087B00000F0AA80009B002B37DD7B1E049320462F
:1087C0007D4B00222946F7F71FFFCDE90201009CEF
:1087D00001363046F7F7AEFEDDE90223F7F714FF66
:1087E000764B0022F7F75AFD0546A1F15076002C92
:1087F00040F08D80DDE90201714B0022F7F74CFD5E
:1088000002460B46CDE902232A463346F8F78CF997
:10881000002840F08B82DDE902012A4606F1004380
:10882000F8F764F9002840F02881DDE90C34CDE93F
:108830000234179B002BC0F25A810E2F00F3578190
:108840005A4B03EBC70393ED007B0E9B002B8DED82
:10885000007B03DA079B002B40F30181DDE9024531
:108860005646DDE9002320462946F7F7F7FFF8F7DB
:108870007BF98046F7F75EFEDDE90023F7F7C4FEDB
:1088800002460B462046294608F13004F7F704FD5E
:1088900006F8014B079DA6EB0A04A54202460B46CB
:1088A00040F01781F7F7FAFCDDE9002304460D4696
:1088B000F8F73AF9002840F0F980DDE90023204676
:1088C0002946F8F709F918B118F0010F40F0EE80C9
:1088D0004946584600F0DCFF00233370139B0137F4
:1088E0001F60239B002B00F01D831E601AE3E2072C
:1088F00005D5D5E90023F7F787FE0136012364107B
:1089000008353FE7022642E7079C049761E7274BBB
:108910000B9903EBC40353E902235444002953D0B9
:1089200028490020F7F79AFF33462A46F7F7B4FCA8
:10893000CDE910015646DDE90201F8F715F90546C3
:10894000F7F7F8FD02460B46DDE90201F7F7A4FC54
:10895000303502460B46CDE9022306F8015BDDE91E
:108960001023F8F7C3F8002871D1DDE9022311497B
:108970000020F7F791FCDDE91023F8F7B7F800289D
:1089800040F09580A6423FF450AFDDE910010A4B5C
:108990000022F7F739FE084BCDE910010022DDE98E
:1089A0000201F7F731FECDE90201C4E788B0000803
:1089B00060B000080000F03F0000244000001C40B0
:1089C000000014400000E03F31462846F7F71CFE47
:1089D000CDE9100115945646DDE90201F8F7C4F817
:1089E0000546F7F7A7FD02460B46DDE90201F7F75A
:1089F00053FC303506F8015B02460B46A642CDE932
:108A000002234FF0000224D1AC4BDDE91001F7F74F
:108A100045FC02460B46DDE90201F8F785F800281F
:108A200045D1DDE91023A5490020F7F735FC0246C2
:108A30000B46DDE90201F8F759F800283FF4F5AEDE
:108A4000159E731E159316F8013C302BF8D0049F29
:108A50003EE79B4BF7F7D8FDCDE90201BCE70CD10F
:108A6000984B0022DDE90001F7F7CEFDDDE9022396
:108A7000F8F750F8002800F05781002425460E9B97
:108A8000DB430493564600272146584600F000FF7A
:108A9000002DDCD02FB1AF4203D03946584600F04C
:108AA000F7FE2946584600F0F3FED0E70497334618
:108AB0001E4613F8012D392A07D19A45F8D1049A98
:108AC0000132049230228AF800201A7801321A709A
:108AD000BDE77B4B0022F7F797FD002200230446F9
:108AE0000D46F7F7F9FF00283FF4BBAEF0E60B9A0E
:108AF000002A00F0DB80099A012A00F3BF80149A53
:108B0000002A00F0B78003F233430A9C4646089AD5
:108B100001211A4458469844089200F0B7FF0546D0
:108B20005EB1089B002B08DDB342089AA8BF33460C
:108B3000A8EB0308F61AD31A08930A9BF3B10B9B10
:108B4000002B00F0B7808CB129462246584601F030
:108B50005DF84A4601460546584600F0ADFF4946D5
:108B60000490584600F094FE049B99460A9B1A1BF9
:108B700004D04946584601F049F88146012158463B
:108B800000F084FF0F9B0446002B00F0CF811A46B3
:108B90000146584601F03AF8099B012B044600F3C0
:108BA0009580029B002B40F08780039BC3F3130347
:108BB000002B40F08980039B23F000431B0D1B0515
:108BC0002BB1089B0133089308F1010801230A9394
:108BD0000F9B002B00F0B081236904EB830318691D
:108BE00000F008FFC0F12000089B184410F01F009F
:108BF00077D0C0F12003042B6BDD089BC0F11C0073
:108C00000344804406440893B8F1000F05DD49464B
:108C10004246584601F054F88146089B002B05DD7A
:108C200021461A46584601F04BF80446129B002B89
:108C300059D02146484601F0AFF8002853DA7B1E90
:108C40000493494600230A22584600F043FE0B9B3A
:108C50008146002B00F07281002329460A225846E3
:108C600000F038FE009B002B054667DC099B022BB9
:108C700041DC63E0169BC3F1360346E7079B5C1EAD
:108C80000A9BA342BFBF0A9B0F9A0A94E31AB4BF80
:108C9000D2181C1B079BBCBF0F920024002BB5BF32
:108CA000A8EB0306079B0023464630E70A9C0B9D72
:108CB000464635E70A9A5CE7002388E70000E03F74
:108CC0000000244000001440029B80E700230A9328
:108CD00082E799D0089A1C331A4498441E4408929B
:108CE00092E70346F6E7079B0497002B20DC0093EE
:108CF000099B022B1EDD009B002B7FF4C0AE21469A
:108D00000522584600F0E6FD01460446484601F0BB
:108D100043F800287FF7B3AE5646312306F8013BEF
:108D2000049B01330493AEE6079C04972546F3E7C2
:108D3000079B00930B9B002B00F00481002E05DDA8
:108D400029463246584600F0BBFF05460A9B002BD9
:108D50005AD06968584600F05BFD064628B9844B36
:108D6000024640F2EF21FFF75ABB2A690232920015
:108D700005F10C010C30FFF778FA01223146584614
:108D800000F09EFF0AF101030793009B53440B93ED
:108D9000029B03F001032F460A930546079B2146D9
:108DA000013B48460093FFF79BFA3946029000F1D9
:108DB0003008484600F0F0FF2A4608902146584601
:108DC00001F006F8C268064602BB0146484600F0BC
:108DD000E3FF0246314658460E9200F059FD099BCA
:108DE0000E9A079E43EA02010A9B194310D1B8F17B
:108DF000390F29D0089B002B02DD029B03F13108BB
:108E0000009B83F800803FE62846BBE70122E1E7AC
:108E1000089B002B04DB09990B430A990B4320D1D3
:108E2000002AEDDD49460122584600F049FF21465F
:108E3000814600F0B1FF002803DCE1D118F0010FFA
:108E4000DED0B8F1390FD8D1009A392313703346E8
:108E50001E46013B16F8012C392A52D001321A70F5
:108E600012E6002A07DDB8F1390FEDD0009A08F1BB
:108E70000103137008E6079B079A03F8018C0B9B0C
:108E8000934228D0494600230A22584600F022FD8A
:108E9000AF4281464FF000034FF00A023946584670
:108EA00007D100F017FD07460546079B01330793DE
:108EB00074E700F00FFD2946074600230A225846B2
:108EC00000F008FD0546F0E7009B002BCCBF1E46D6
:108ED00001265644002749460122584600F0F0FE7C
:108EE0002146814600F058FF0028B0DC02D118F07E
:108EF000010FACD133461E4613F8012D302AFAD0AB
:108F0000C2E59A45A4D1049B0133049331238AF826
:108F10000030B9E5239BDFF85CA01BB10AF1080320
:108F2000239A1360504619B0BDE8F08F099B012BBE
:108F30007FF737AE0F9B0A93012055E6009B002B6D
:108F40007FF7D6AE564621464846FFF7C9F900F1ED
:108F5000300806F8018B009BA6EB0A029342B3DDB2
:108F6000494600230A22584600F0B4FC8146EAE74D
:108F700083AF00081EAF000838B50546002941D070
:108F800051F8043C0C1F002BB8BFE41800F034FC6F
:108F90001D4A136833B9636014602846BDE8384041
:108FA00000F030BCA34208D9206821188B4201BFD1
:108FB00019685B6809182160EDE71A465B680BB118
:108FC000A342FAD911685018A0420BD1206801447D
:108FD000501883421160E0D118685B685360084400
:108FE0001060DAE702D90C232B60D6E7206821183D
:108FF0008B4204BF19685B68636004BF0918216075
:109000005460CAE738BD00BFBC0500200369B3EB5C
:10901000611F2DE9F0434FEA611200F1140445DDB0
:1090200011F01F0104EB830604EB82050CD100F163
:1090300010072946B14234D39B1A9B00EA1E964280
:1090400038BF0023234415E054F82270C1F12008F2
:10905000CF4005F1040EA1467645F44615D89A1A7C
:109060009200043A0135AE4238BF0022A318A7503F
:1090700007B104331A1BA3424FEAA20208BF002320
:10908000026108BF4361BDE8F083DCF800C00CFA60
:1090900008FC4CEA070749F8047B5EF8047BCF40E4
:1090A000DAE751F804CB47F804CFC3E72346E1E7FA
:1090B000A0F13003092B02D82038C0B27047A0F1CC
:1090C0006103052B01D84738F7E7A0F14103052BD1
:1090D00001D82738F1E70020704700002DE9F04F54
:1090E00085B08A4602930B68019090469C1CA1466D
:1090F00014F8010B3028FAD0A9EB0303A3F1020BFB
:10910000FFF7D6FF0546002868D1A049012248464E
:10911000FEF7C5FF0746002867D199F801002646EB
:10912000FFF7C6FF002862D02346187830289946FA
:1091300003F10103F9D0FFF7BBFFB0FA80F56D0929
:109140004FF0010B4A46164601323078FFF7B0FF68
:109150000028F8D18D4901223046FEF7A0FF0028F3
:109160003FD144B9741C2246164601323078FFF7CD
:109170009FFF0028F8D1A41BA700337803F0DF037A
:10918000502B3ED173782B2B33D02D2B34D0711C28
:1091900000240878FFF78CFF431EDBB2182B30D871
:1091A000A0F1100211F8010FFFF782FF00F1FF3C60
:1091B0005FFA8CFCBCF1180F4FF00A031ED904B102
:1091C00052421744CAF80010EDB1BBF1000F0CBFBA
:1091D00006250025284605B0BDE8F08F00252C4661
:1091E000B0E7002CC7D12746C7E74E462F460125DA
:1091F000C3E70024B11CCCE70124FBE703FB02001A
:10920000CEE73146DEE7A6EB0903013B2946072BF3
:109210000ADC019800F0FCFA044640B95C4B0246B7
:10922000E4215C48FFF73EF801315B10EFE700F105
:10923000140A002355469B46B14537D345F804BB75
:10924000A5EB0A05AD102561584600F0D3FB6D0172
:10925000D8F800602D1AB54254DDAD1B29462046D2
:1092600000F067FF814678B16B1E591103F01F02B1
:109270005AF821104FF0010909FA02F20A4203D00C
:109280004B4536DC4FF0020929462046FFF7BEFE6B
:109290002F44D8F80830BB4242DA0198214600F04A
:1092A000F7FA0E9A00231360A32593E716F8012D11
:1092B0002E2A12D0202B04D145F804BB4FF0000B0E
:1092C0005B4630780393FFF7F3FE039B00F00F003B
:1092D00098404BEA000B0433AEE7B145EAD82B497E
:1092E000039301223046FEF7DAFE039B0028E1D10A
:1092F000A2E7A91E204600F01CFF0028C2D04FF0B4
:109300000309C1E709DA751B214601982A4600F0D6
:10931000D7FC7F1B044600F1140A4FF00009B8E7A0
:10932000D8F80450BD426FDDED1BAE4234DCD8F8F6
:109330000C30022B22D0032B24D0012B15D1AE42AE
:1093400013D1012E0BD1029AD8F8043013600123F7
:109350002361CAF800300E9B62251C603AE7711E3B
:10936000204600F0E6FE0028EDD10198214600F0ED
:109370008FFA0E9A0023136050252BE70F9B002BCA
:10938000F3D1E0E70F9B002BDDD1EEE7D8AD00086D
:1093900083AF000894AF00086F1EB9F1000F30D101
:1093A00027B13946204600F0C4FE81467A110123D8
:1093B0005AF8222007F01F07BB40134229462046D7
:1093C00018BF49F00209FFF721FED8F80470761B98
:1093D0000225B9F1000F47D0D8F80C30022B15D078
:1093E000032B17D0012B09D119F0020F06D0DAF8A0
:1093F000003049EA030919F0010F0ED145F01005BC
:1094000032E04FF00109D1E70125E2E70F9BC3F1FC
:1094100001030F930F9B002BF0D0D4F810B004F190
:1094200014034FEA8B0A03EB8B014FF0000C184634
:1094300053F8042BB2F1FF3F1BD001320260022D22
:1094400004F114033CD1D8F80020013AB24209D10A
:109450007111012253F8213006F01F0602FA06F6B8
:109460001E423AD145F020050E9B1C60029B1F60F6
:10947000B0E6994243F804CCD9D8A3689B4517DBE2
:1094800061680198013100F0C3F9814618B91A4B9F
:1094900002468421C5E62269023204F10C019200E1
:1094A0000C30FEF7E2FE2146019800F0F1F94C463F
:1094B00023695A1C04EB8303226101225A61BEE72F
:1094C00022695A450BDD01212046FFF79FFDD8F8A0
:1094D00008300137BB42FFF6E0AE0125C2E716F0C7
:1094E0001F06FAD05344C6F1200653F8040C00F0CE
:1094F00081FAB042E7DBF0E783AF0008C2F108026F
:10950000920070B5C2F120064368046803FA06F5BC
:109510002C43D340046040F8043F8842F4D370BD2C
:1095200030B50368013311F8014B14B90360012011
:1095300030BD13F8012BA2F14105192D98BF20323F
:10954000A242F0D00020F3E72DE9F04F0B6801684C
:109550005E1102EB860613F01F0387B018BF0436B6
:109560000025371F82469046019346F8045CB946B1
:109570003C460295AB464A784B1C039342B31046D7
:1095800005910492FFF794FD002851D1049A0599A2
:10959000202A18D8029B9B4513DD4C4506D2072D87
:1095A00004DC2A4649462046FFF7A8FF444552D925
:1095B0000023A4F1040944F8043CCDF808B04C465B
:1095C0001D460399D7E7292A57D10231CAF800105E
:1095D000BBF1000F51D04C4506D2072D04DC2A46C2
:1095E00049462046FFF78AFF444536D9A8F10402D0
:1095F000234653F8041B42F8041F9F42F9D23B1B39
:1096000023F0030304330134033EB44288BF042330
:109610004344002243F8042B9F42FBD23B681BB912
:10962000474528D101233B60052007B0BDE8F08FF6
:109630000135082D0BF1010B06DD4445C1D900238E
:1096400044F8043C0125043C226800F00F0040EA85
:1096500002102060B5E70825B3E7019B002BDDD0A1
:10966000C3F120034FF0FF32DA4056F8043C1340B8
:1096700046F8043CD2E7043FD0E70420D5E70000D9
:10968000024B0146186800F025B800BF8401002095
:1096900070B50F4E0C463168054611B901F022F83D
:1096A00030602146284601F01DF8431C03D14FF0DD
:1096B000FF34204670BDC41C24F00304A042F8D03F
:1096C000211A284601F00EF80130F2D1EFE700BF71
:1096D000B80500202DE9F843CD1C25F00305083519
:1096E0000C2D38BF0C25002D064601DBA94204D9FC
:1096F0000C2333600020BDE8F883DFF8D48000F04D
:109700007BF8D8F800301C4644BB29463046FFF7AA
:10971000BFFF431C044658D1D8F800402746002F0D
:1097200043D1002C4BD023683946304604EB030963
:1097300000F0D8FF814542D121686D1A2946304694
:10974000FFF7A6FF01303AD023682B442360D8F8F6
:1097500000305A6862BBC8F800700FE02268521BE4
:1097600020D40B2A17D96119A342256018BF59606C
:10977000636808BFC8F8001062514B60304600F0C3
:1097800041F804F10B00231D20F00700C21A1CBF92
:109790001B1AA350AFE76268A3420CBFC8F80020B1
:1097A0005A60EBE723466468AEE73C467F68B6E75D
:1097B0001A465B68A342FBD100235360DEE70C230B
:1097C0003360304600F01EF894E70560D6E700BF2E
:1097D000BC05002082B001B901A942B14BB1137898
:1097E0000B601278101E18BF012002B0704710469F
:1097F000FBE76FF00100F8E70148FEF734BD00BF5A
:10980000B40500200148FEF72FBD00BFB4050020BD
:1098100070B5C66904460D4676B91020FFF730FFD3
:109820000246E06120B9184B18486B21FEF73AFD5B
:10983000C0E901660660C660E669F36883B1E36962
:10984000DB6853F82500B8B9012101FA05F6721D4D
:109850009200204600F05DFF60B1C0E901560EE0C5
:1098600021220421204600F054FFE369F060DB6808
:10987000002BE4D1002070BD026843F825200023AE
:10988000C0E90333F7E700BF69AE0008F4AF000892
:1098900070B5C66905460C4676B91020FFF7F0FE94
:1098A0000246E86120B9094B09488F21FEF7FAFC0E
:1098B000C0E901660660C6603CB1EB696268DB68BE
:1098C00053F82210216043F8224070BD69AE0008B1
:1098D000F4AF00082DE9F0410D6907460C461E461D
:1098E00001F1140C0020DCF8003099B202FB016198
:1098F0001E0C0B0C02FB063389B2013001EB034155
:1099000085424CF8041B4FEA1346ECDC0EB3A36807
:10991000AB4219DC616838460131FFF779FF8046B8
:1099200028B902460C4B0D48BA21FEF7BBFC226950
:10993000023204F10C0192000C30FEF796FC214635
:109940003846FFF7A5FF444604EB850301355E6109
:1099500025612046BDE8F08183AF0008F4AF000820
:109960002DE9F8430C4615461F46092208330646E2
:1099700093FBF2F3002101229A4209DB3046FFF704
:1099800047FF40B90246194B1948D321FEF78AFC1C
:1099900052000131F0E7089B4361092D4FF00103AC
:1099A000036116DD04F10909C8462C4418F8013B8F
:1099B0000146303B0A223046FFF78CFFA045F5D127
:1099C000A5F108044C442D1B6319BB4204DBBDE820
:1099D000F8830A340925F6E714F8013B0146303BC9
:1099E0000A223046FFF776FFEEE700BF83AF00089C
:1099F000F4AF0008B0F5803F034636BF03040020F3
:109A00001020B3F1807F3CBF1B020830B3F1805FB0
:109A10003CBF1B010430B3F1804F3CBF9B000230C0
:109A2000002B05DB13F0804F00F1010008BF202060
:109A300070470368024613F007000BD0D90721D402
:109A4000980749BF5B089B08012013605CBF136047
:109A50000220704799B209B91B0C1020D9B209B97C
:109A600008301B0A190704BF1B090430990704BFFB
:109A70009B080230D90703D45B0800F1010003D032
:109A800013607047002070472020704710B50C46C7
:109A90000121FFF7BDFE024628B9054B054840F2FB
:109AA0004511FEF7FFFB01234461036110BD00BFB8
:109AB00083AF0008F4AF00082DE9F04F14460A699F
:109AC00023699A42A8BF23460F46A4BF0C461F46EF
:109AD000D4F810A0D7F81090A36861680AEB0906C3
:109AE000B34285B0B8BF0131FFF792FE30B90246EC
:109AF000444B45484FF4B171FEF7D4FB00F1140517
:109B000005EB86082B460022434521D307F11401BB
:109B100004F1140202EB8A0201EB89030293131B86
:109B2000153B23F00303043304F11507BA4238BF91
:109B300004230193029B03918B420CD8002E03DD7A
:109B400058F8043D002B5BD0066105B0BDE8F08FEE
:109B500043F8042BD8E7B1F800A0BAF1000F24D0E5
:109B600004F1140EA9464FF0000C5EF8047BD9F8FE
:109B700000301FFA87FB9BB20AFB0B334FEA174BEF
:109B8000D9F8007063444FEA174C0AFB0BC707EB88
:109B900013479BB243EA0743724549F8043B4FEA37
:109BA000174CE2D8019B45F803C0039BB3F8029021
:109BB0000431B9F1000F21D02B6804F1140CAE462A
:109BC0004FF0000ABCF800B0BEF8027009FB0B773A
:109BD00057449BB243EA07434EF8043B5CF8043B0E
:109BE0004FEA134ABEF8003009FB0A3303EB174370
:109BF00062454FEA134AE5D8019FEB51043599E7D6
:109C0000013E9BE783AF0008F4AF00082DE9F8435D
:109C1000154612F0030207460E4607D0254C013ABE
:109C2000002354F82220FFF755FE0646AD103DD024
:109C3000FC697CB91020FFF723FD0246F86128B9C2
:109C40001D4B1E4840F2B311FEF72CFBC0E9014446
:109C50000460C460D7F81C80D8F808404CB940F2C2
:109C600071213846FFF712FF0023C8F808000446A8
:109C700003604FF00009EB070AD53146224638460B
:109C8000FFF71AFF314680463846FFF701FE464689
:109C90006D100BD0206838B9224621463846FFF7B0
:109CA0000BFF2060C0F800900446E4E73046BDE8B2
:109CB000F88300BF50B0000869AE0008F4AF000898
:109CC0002DE9F0470C464968236903EB6218A36845
:109CD000074691464FEA621A08F10106B3420BDBD0
:109CE0003846FFF795FD054648B90246284B2948F6
:109CF0004FF4EF71FEF7D6FA01315B00EEE7002377
:109D000000F1140100F110021846534533DB2069BD
:109D10002AEAEA7A04F1140319F01F0901EB8A0117
:109D200003EB800C2BD0C9F1200E8A460022186864
:109D300000FA09F010434AF8040B53F8042B9C4531
:109D400022FA0EF2F3D8ACEB0403153B23F0030325
:109D5000043304F11500844538BF0423CA500AB106
:109D600008F10206013E38462E612146FFF790FDBC
:109D70002846BDE8F08742F8040F0133C5E70439EF
:109D800053F8042B41F8042F9C45F9D8EAE700BFAB
:109D900083AF0008F4AF00080A6903460069801A1F
:109DA00030B50ED11433143103EB820401EB820180
:109DB00054F8045D51F8042D954203D005D24FF0BC
:109DC000FF3030BDA342F3D3FBE70120F9E70000E9
:109DD0002DE9F74F89460646114648461446FFF7D7
:109DE000DBFF051E12D129463046FFF711FD024662
:109DF00028B93F4B40F237213E48FEF753FA012382
:109E0000C0E90435104603B0BDE8F08FBCBF4B4637
:109E1000A1463046D9F80410BABF1C4601250025DA
:109E2000FFF7F6FC024618B9314B40F24521E3E753
:109E3000D9F810702669C56009F1100309F11405FD
:109E400004F1140E00F1140B05EB87080EEB8606E7
:109E50000193D9464FF0000C019B5EF8040B53F8B8
:109E600004AF01931FFA8AF3194683B2CB1A000C90
:109E70006344C0EB1A4000EB23409BB243EA00432B
:109E8000764549F8043B4FEA204CE5D8331B153B97
:109E900023F0030315340433A64238BF04231D44C2
:109EA0005B441E462C4644450ED308F10301491B72
:109EB00021F00301033DA84538BF00210B4453F8AE
:109EC000041D91B117619DE754F8041BE646080C88
:109ED0001CFA81FC714400EB2C4089B241EA00413C
:109EE00046F8041B4FEA204CDDE7013FE7E700BFDF
:109EF00083AF0008F4AF000882B08DED000B019A2B
:109F00000F4B1340A3F15073002B08DC5B42B3F1FD
:109F1000A07F4FEA235204DA4FF4002313410022BA
:109F200008E0A2F114031E2BDABF4FF00042DA4022
:109F3000012200231946104641EC100B02B0704775
:109F40000000F07F2DE9F041066900F1140808EBEC
:109F50008606371F56F8042C1046FFF74BFDC0F15C
:109F600020030A280B601B4915DCC0F10B0C22FAF8
:109F70000CF3B84543EA010534BF56F8083C00230A
:109F8000153002FA00F023FA0CF303431C4645ECAB
:109F9000104BBDE8F081B8453ABF56F8083CA6F131
:109FA000080700230B3812D0C0F1200123FA01F476
:109FB00082402243474542F07F558CBF57F8042C1E
:109FC00000228340CA4045F440151343DEE742EACD
:109FD0000105DBE70000F03F2DE9F7430F460121C3
:109FE00059EC108B1646FFF713FC044630B90246B5
:109FF000234B244840F20F31FEF754F9C9F30A55B8
:10A00000C9F313030DB143F480130193B8F10003B6
:10A0100023D068460093FFF70CFDDDE90012D0B1B4
:10A02000C0F1200302FA03F30B43C24063610192C3
:10A03000019BA361002B0CBF012202222261A5B16A
:10A04000A5F2334505443D60C0F13500306020463F
:10A0500003B0BDE8F0836161EAE701A8FFF7E9FC1E
:10A06000019B636120300122E8E704EB8203A0F248
:10A07000324038601869FFF7BDFCC0EB4210E5E7DD
:10A0800083AF0008F4AF00082DE9F04F85B0CDE9AB
:10A09000001002A9FFF756FF009803A955EC104BDA
:10A0A000FFF750FF019B1969009B1B69C91ADDE985
:10A0B00002329B1A5BEC10AB03EB4113002BCEBFBB
:10A0C0002A46C3EB03335A462F46D946CCBF02EB90
:10A0D000035702EB03594B46524620463946F6F7E2
:10A0E000BDFB41EC100B05B0BDE8F08F013970B538
:10A0F00049111469013102F1140300EB810103EBF2
:10A100008404051FA3420CD3A31A113B23F00303BD
:10A110001132A24288BF002318440023884205D38D
:10A1200070BD53F8046B45F8046FEBE740F8043B4F
:10A13000F4E700F1140200694B11984210B511DBED
:10A140000ADD11F01F0107D052F8234024FA01F074
:10A1500000FA01F18C420BD102EB8303934203D846
:10A16000002010BD0346F7E753F8041D0029F5D081
:10A170000120F6E7242B2DE9F0478646904601D8CA
:10A18000012B06D1FEF744F8162303600020BDE83A
:10A19000F08734480D462A4615F8014B065D16F047
:10A1A0000806F8D12D2C2DD12C780126951C33F0E2
:10A1B000100209D1302C2AD12A7802F0DF02582A65
:10A1C00025D16C781023023506F1004C0CF1FF3CD0
:10A1D0000022BCFBF3F9104603FB19CAA4F13007B7
:10A1E000092F1BD83C46A34227DD571C07D08145C9
:10A1F00020D301D1A2451DDB00FB0340012215F84D
:10A20000014BEBE72B2C04BF2C78951CCFE7002BE0
:10A21000DAD1302C0CBF08230A23D5E7A4F141077B
:10A22000192F01D8373CDEE7A4F16107192F04D8B4
:10A23000573CD8E74FF0FF32E1E7531C08D1222307
:10A24000CEF800306046B8F1000FA0D0691E06E0DD
:10A2500006B14042B8F1000F99D0002AF6D1C8F8F3
:10A26000001094E751B10008FFF784BF0346084689
:10A2700041B1FF2A04D98A221A604FF0FF3070479B
:10A280000A70012070472DE9F0478E681F46BE42D4
:10A290000B6882460C4690462DD8B1F90C2012F47A
:10A2A000906F26D06569096905EB4505A3EB0109A7
:10A2B00005EBD5757B1C4B446D109D4238BF1D4688
:10A2C000530527D52946FFF705FA064660B32169ED
:10A2D0004A46FDF7CAFFA38923F4906343F0800345
:10A2E000A381266165614E44A5EB09052660A56042
:10A2F0003E46BE4200D93E4620683246414600F006
:10A30000D7F9A3689B1BA360236833442360002014
:10A31000BDE8F0872A4600F010FA06460028E0D192
:10A3200021695046FEF728FE0C23CAF80030A389A5
:10A3300043F04003A3814FF0FF30E9E72DE9F04FF0
:10A3400098468B891B069DB007460D46144610D5CE
:10A350000B6973B94021FFF7BDF92860286130B956
:10A360000C233B604FF0FF301DB0BDE8F08F402361
:10A370006B610023099320238DF82930CDF80C80E0
:10A380003023DFF89C818DF82A304FF001092346F5
:10A390009A4613F8012B0AB1252AF9D1BAEB040B1E
:10A3A0000BD05B46224629463846FFF76CFF01304A
:10A3B00000F0A780099A5A4409929AF80030002BBD
:10A3C00000F09F8000234FF0FF32CDE905230AF112
:10A3D000010A049307938DF853301A9354460522CB
:10A3E00014F8011B4E48F5F7FBFE049AD8B9D006C5
:10A3F00044BF20238DF85330110744BF2B238DF821
:10A4000053309AF800302A2B15D0079A5446002072
:10A410004FF00A0C214611F8013B303B092B4BD978
:10A42000B0B1079214E0A0EB080309FA03F3134359
:10A430000493A246D2E7039B191D1B680391002BCE
:10A44000BBBF5B4242F0020207930793B8BF04927E
:10A4500023782E2B0AD163782A2B32D1039B1A1D25
:10A460001B68039243EAE37302340593DFF8C0A04C
:10A47000217803225046F5F7B3FE38B1049BA0EBD8
:10A480000A004022824013430134049314F8011B54
:10A4900024488DF828100622F5F7A2FE002836D0B1
:10A4A000214B1BBB039B073323F0070308330393A4
:10A4B000099B334409936AE70CFB02320C460120E6
:10A4C000A8E700230134059319464FF00A0C2046F3
:10A4D00010F8012B303A092A03D9002BC6D0059178
:10A4E000C4E70CFB012104460123F0E703AB009312
:10A4F0002A460E4B04A93846FCF7D8FE421C0646F5
:10A50000D6D1AB895B063FF52DAF09982CE703AB9D
:10A5100000932A46054B04A93846FDF75FF9EDE79D
:10A5200051B200085BB20008AD72000887A20008B3
:10A5300057B20008B1F90C202DE9F0411607054685
:10A540000C4654D44B68002B02DC0B6C002B48DD0E
:10A55000E66A002E45D0002312F480522F68216A4B
:10A560002B6030D0626DA389590705D56368D21A74
:10A57000636B0BB1236CD21A0023E66A216A28466A
:10A58000B047431CA38906D129681D292BD82A4A24
:10A590000A41D60727D400226260D90422692260CA
:10A5A00004D5421C01D12B6803B96065616B2F6033
:10A5B000B9B104F14403994202D02846FEF7DCFC0D
:10A5C000002363630DE001232846B0470246501C78
:10A5D000C9D12B68002BC6D01D2B01D0162B1ED144
:10A5E0002F60002022E043F040031BB21BE00F6904
:10A5F000002FF6D093070E6808BF4B690F6018BF95
:10A600000023A6EB07088B60B8F1000FE9DD216A93
:10A61000A66A43463A462846B047002808DCB4F903
:10A620000C3043F04003A3814FF0FF30BDE8F081D0
:10A630000744A8EB0008E7E7FEFFBFDF38B50B696A
:10A6400005460C4613B90025284638BD18B1036AE3
:10A650000BB9FDF783FCB4F90C30002BF3D0626E1C
:10A66000D00704D4990502D4A06DFDF7FCFD28465F
:10A670002146FFF75FFF636EDA070546E4D4A3893E
:10A680009B05E1D4A06DFDF7EFFDDDE70EB403B54A
:10A69000014603AB054853F8042B0068019300F012
:10A6A000A3F802B05DF804EB03B07047840100200A
:10A6B000884210B501EB020402D98442234607D830
:10A6C000431EA14208D011F8012B03F8012FF8E72F
:10A6D000024401468A4200D110BD13F8014D02F830
:10A6E000014DF7E738B5064D0023044608462B60B8
:10A6F000F8F71CFB431C02D12B6803B1236038BD63
:10A70000B005002008B5062000F042FA0120F8F755
:10A7100095FA70B5A1FB02543CB92946FEF7DAFF61
:10A72000064628B90026304670BD0C220260F9E7C3
:10A730002A462146FDF7ABFCF5E72DE9F0418046BE
:10A7400015460C4621B9BDE8F0411146FEF7C2BFDF
:10A750002AB9FEF711FC00242046BDE8F08100F084
:10A7600033FA8542064602D8B5EB500FF4D8294695
:10A770004046FEF7AFFF07460028ECD0B5422A4618
:10A78000214628BF3246FDF770FD21464046FEF7C0
:10A79000F3FB3C46E0E79368013B002B10B4936069
:10A7A00008DA9469A34201DB0A2903D15DF8044B5E
:10A7B00000F032B91368581C1060197008465DF833
:10A7C000044B7047F8B506460F461446D518AC4200
:10A7D00001D1002007E014F8011B3A463046FFF78C
:10A7E000DAFF431CF3D1F8BD2DE9F04F0D469DB0C3
:10A7F00014469846064618B1036A0BB9FDF7AEFB3E
:10A800006B6ED90705D4AB899A0502D4A86DFDF704
:10A810002AFDAB891B0701D52B699BB92946304618
:10A8200000F038F970B16B6EDC0704D54FF0FF30E3
:10A830001DB0BDE8F08FAB899805F7D4A86DFDF782
:10A8400013FDF3E70023099320238DF82930CDF879
:10A850000C803023DFF8AC818DF82A304FF00109ED
:10A8600023469A4613F8012B0AB1252AF9D1BAEBEF
:10A87000040B0BD05B46224629463046FFF7A2FF69
:10A88000013000F0A780099A5A4409929AF80030E2
:10A89000002B00F09F8000234FF0FF32CDE905230D
:10A8A0000AF1010A049307938DF853301A93544622
:10A8B000052214F8011B5348F5F792FC049AD8B905
:10A8C000D10644BF20238DF85330130744BF2B23F8
:10A8D0008DF853309AF800302A2B15D0079A544639
:10A8E00000204FF00A0C214611F8013B303B092BA8
:10A8F0004BD9B0B1079214E0A0EB080309FA03F3B7
:10A9000013430493A246D2E7039B191D1B680391CE
:10A91000002BBBBF5B4242F0020207930793B8BF14
:10A92000049223782E2B0AD163782A2B32D1039BF1
:10A930001A1D1B68039243EAE37302340593DFF8A0
:10A94000D4A0217803225046F5F74AFC38B1049B85
:10A95000A0EB0A004022824013430134049314F810
:10A96000011B29488DF828100622F5F739FC00282C
:10A970003FD0264B1BBB039B073323F00703083351
:10A980000393099B3B4409936AE70CFB02320C4694
:10A990000120A8E700230134059319464FF00A0C63
:10A9A000204610F8012B303A092A03D9002BC6D0D3
:10A9B0000591C4E70CFB012104460123F0E703AB3A
:10A9C00000932A46124B04A93046FCF76FFC074659
:10A9D000781CD6D16B6ED90705D4AB899A0502D401
:10A9E000A86DFDF741FCAB895B063FF51FAF0998E9
:10A9F0001EE703AB00932A46054B04A93046FCF73B
:10AA0000EDFEE4E751B200085BB20008AD72000849
:10AA1000C5A7000857B20008F8B50E46144605460B
:10AA200018B1036A0BB9FDF799FAA369A360A3896A
:10AA30001A0701D5236943B92146284600F02AF8B0
:10AA400018B14FF0FF373846F8BD23682269981ACD
:10AA50006369F6B28342374605DC21462846FFF794
:10AA6000EDFD0028EDD1A368013BA36023685A1CCB
:10AA700022601E706269431C9A4204D0A389DB07DE
:10AA8000E1D50A2EDFD121462846FFF7D7FD002861
:10AA9000D9D0D6E738B5294B054618680C4618B109
:10AAA000036A0BB9FDF75AFAB4F90C30190722D42E
:10AAB000DA0607D409222A6043F04003A3814FF04D
:10AAC000FF3033E0580712D5616B41B104F1440304
:10AAD000994202D02846FEF74FFA00236363A38908
:10AAE00023F02403A3810023636023692360A389E7
:10AAF00043F00803A38123694BB9A38903F42073AE
:10AB0000B3F5007F03D02146284600F08BF8B4F956
:10AB10000C3013F001020AD00022A2606269524296
:10AB2000A261226942B913F08000C5D138BD9907EE
:10AB300058BF6269A260F4E70020F7E784010020B3
:10AB40001F2938B505460C4604D9162303604FF07B
:10AB5000FF3038BDC26B12B152F821304BB92846D4
:10AB600000F030F8224601462846BDE8384000F0A3
:10AB700017B8012B0AD0591C03D1162303600120FA
:10AB8000E7E7002142F82410204698470020E0E73C
:10AB9000024B01461868FFF7D3BF00BF84010020B5
:10ABA00038B5074D00230446084611462B60F8F7D8
:10ABB00035F8431C02D12B6803B1236038BD00BFB8
:10ABC000B0050020F8F722B851F8043C181F002BFC
:10ABD000BCBF0B58C018704770B50C46B1F90E10C9
:10ABE000002996B015461E460DDAA38913F0800F92
:10ABF0004FF0000114BF40234FF480630020316008
:10AC00002B6016B070BD6A4600F048F80028ECDBF7
:10AC1000019901F47041A1F50053594259414FF493
:10AC20008063EBE78B89F7B59D0706460C4607D591
:10AC300004F14703236023610123636103B0F0BD86
:10AC400001AB6A46FFF7C8FF009F0546394630460C
:10AC5000FEF740FD48B9B4F90C309A05EED423F064
:10AC6000030343F00203A381E2E7A389206043F0DA
:10AC70008003A381019BC4E904075BB1B4F90E1002
:10AC8000304600F01DF828B1A38923F0030343F0F8
:10AC90000103A381A3891D43A581CFE738B5074DE3
:10ACA00000230446084611462B60F8F717F8431CAA
:10ACB00002D12B6803B1236038BD00BFB00500206E
:10ACC00038B5064D0023044608462B60F8F716F801
:10ACD000431C02D12B6803B1236038BDB0050020AE
:10ACE000F8B500BFF8BC08BC9E467047F8B500BF79
:08ACF000F8BC08BC9E46704749
:10ACF800200000004461206E68616E206C656E68FB
:10AD08003A20583D25642C20593D25642C205A3D75
:10AD180025640D0A000000005B5472616E672074A0
:10AD28006861693A2044616E6720636861792E2EF4
:10AD38002E5D0D0A000000005B5472616E6720747E
:10AD48006861693A2044616E672072616E685D0DC2
:10AD58000A000000000402400080000000040240D5
:10AD680000400000000002404000000000000240D7
:10AD7800800000004C6F693A205361692064696E55
:10AD8800682064616E67202856443A2039302031A3
:10AD98003830203435290D0A00000000444F4E4554
:10ADA8000D0A00000000000000000000010203047A
:10ADB8000607080900000000010203040000000063
:10ADC80000000000000000000000000000000080FB
:10ADD8002E00000034000000CEFBFFFFCB03000074
:10ADE800010000000000000035000000CEFBFFFF5E
:10ADF800CB0300000100000000000000000000007C
:10AE0800BC89D897B2D29C3C33A7A8D523F6493938
:10AE18003DA7F444FD0FA5329D978CCF08BA5B255A
:10AE2800436FAC6428066811494E4600696E660097
:10AE38004E414E006E616E00300030313233343591
:10AE4800363738394142434445460030313233348D
:10AE580035363738396162636465660065256C6428
:10AE6800005245454E54206D616C6C6F63207375BC
:10AE780063636565646564002F6275696C642F6738
:10AE88006E752D746F6F6C732D666F722D73746D84
:10AE980033325F31322E332E72656C312E323032BE
:10AEA80034303932362D313731352F7372632F6E86
:10AEB80065776C69622F6E65776C69622F6C696261
:10AEC800632F737472696E672F737472746F6B2E4D
:10AED80063004300504F534958002C2066756E6339
:10AEE80074696F6E3A2000617373657274696F6E6E
:10AEF8002022257322206661696C65643A206669A0
:10AF08006C6520222573222C206C696E65202564CF
:10AF1800257325730A00496E66696E697479004E57
:10AF2800614E002F6275696C642F676E752D746FA2
:10AF38006F6C732D666F722D73746D33325F31329F
:10AF48002E332E72656C312E32303234303932362F
:10AF58002D313731352F7372632F6E65776C6962C7
:10AF68002F6E65776C69622F6C6962632F737464E6
:10AF78006C69622F64746F612E630042616C6C6F40
:10AF88006320737563636565646564002F62756922
:10AF98006C642F676E752D746F6F6C732D666F728E
:10AFA8002D73746D33325F31322E332E72656C31EE
:10AFB8002E32303234303932362D313731352F7325
:10AFC80072632F6E65776C69622F6E65776C696244
:10AFD8002F6C6962632F7374646C69622F67647481
:10AFE8006F612D6765746865782E63002F627569D7
:10AFF8006C642F676E752D746F6F6C732D666F722E
:10B008002D73746D33325F31322E332E72656C318D
:10B018002E32303234303932362D313731352F73C4
:10B0280072632F6E65776C69622F6E65776C6962E3
:10B038002F6C6962632F7374646C69622F6D707210
:10B0480065632E6300000000050000001900000081
:10B058007D000000000000000080E03779C3414314
:10B06800176E05B5B5B89346F5F93FE9034F384D66
:10B07800321D30F94877825A3CBF737FDD4F157512
:10B08800000000000000F03F000000000000244025
:10B0980000000000000059400000000000408F4000
:10B0A800000000000088C34000000000006AF8406B
:10B0B8000000000080842E4100000000D01263418F
:10B0C8000000000084D797410000000065CDCD4105
:10B0D800000000205FA00242000000E876483742E6
:10B0E800000000A2941A6D42000040E59C30A24284
:10B0F8000000901EC4BCD64200003426F56B0C43F9
:10B108000080E03779C3414300A0D885573476439F
:10B1180000C84E676DC1AB43003D9160E458E14300
:10B12800408CB5781DAF154450EFE2D6E41A4B4475
:10B1380092D54D06CFF08044F64AE1C7022DB544BA
:10B14800B49DD9794378EA4400202020202020208B
:10B1580020202828282828202020202020202020BF
:10B1680020202020202020202088101010101010CF
:10B17800101010101010101010040404040404041B
:10B1880004040410101010101010414141414141B5
:10B198000101010101010101010101010101010197
:10B1A80001010101101010101010424242424242A7
:10B1B8000202020202020202020202020202020267
:10B1C800020202021010101020000000000000000F
:10B1D8000000000000000000000000000000000067
:10B1E8000000000000000000000000000000000057
:10B1F8000000000000000000000000000000000047
:10B208000000000000000000000000000000000036
:10B218000000000000000000000000000000000026
:10B228000000000000000000000000000000000016
:10B238000000000000000000000000000000000006
:10B24800000000000000000000232D302B200068C3
:0CB258006C4C006566674546470000002E
:08B264007C4FFF7F0100000098
:08B26C00C5010008712700086C
:04B27400A10100082C
:10B278000024F4001000000001000000000000009D
:10B2880003000000740400204300000000000000D8
:10B2980000000000000000000000000000000000A6
:10B2A8000000000000000000430000000000000053
:10B2B8000000000000000000000000000000000086
:10B2C8000000000000000000430000000000000033
:10B2D8000000000000000000000000000000000066
:10B2E8000000000000000000430000000000000013
:10B2F8000000000000000000000000000000000046
:10B3080000000000000000004300000000000000F2
:10B318000000000000000000000000000000000025
:10B3280000000000000000004300000000000000D2
:10B338000000000000000000000000000000000005
:10B3480000000000000000004300000000000000B2
:10B3580000000000000000000000000000000000E5
:10B3680000000000000000006DA20008D59700084A
:10B378000000000050B10008D8AD00081DAF00085B
:10B388001DAF00081DAF00081DAF00081DAF000865
:10B398001DAF00081DAF00081DAF00081DAF000855
:10B3A800FFFFFFFFFFFFFFFFFFFFFFFFFFFF0000A3
:10B3B800010041534349490000000000000000001B
:10B3C8000000000000000000000000000000000075
:10B3D80000004153434949000000000000000000FC
:10B3E8000000000000000000000000000000000055
:10B3F8000000000088010020000000007404002004
:10B40800DC040020440500200000000000000000CB
:10B418000000000000000000000000000000000024
:10B428000000000000000000000000000000000014
:10B438000000000000000000000000000000000004
:04B448000000000000
:0400000508002DBD05
:00000001FF
